word,cmu,syllables,stress,pos
abandon,AH0 B AE1 N D AH0 N,3,usu,VB
ability,AH0 B IH1 L AH0 T IY0,4,usuu,NN
abraham,EY1 B R AH0 HH AE2 M,3,sus,NN
absent,AE1 B S AH0 N T,2,su,JJ
absorb,AH0 B Z AO1 R B,2,us,VB
abstract,AE0 B S T R AE1 K T,2,us,JJ
absurd,AH0 B S ER1 D,2,us,JJ
abuse,AH0 B Y UW1 S,2,us,NN
academy,AH0 K AE1 D AH0 M IY0,4,usuu,NN
accent,AH0 K S EH1 N T,2,us,NN
accident,AE1 K S AH0 D AH0 N T,3,suu,NN
account,AH0 K AW1 N T,2,us,NN
accuse,AH0 K Y UW1 Z,2,us,VB
achieve,AH0 CH IY1 V,2,us,VB
acoustic,AH0 K UW1 S T IH0 K,3,usu,JJ
acquire,AH0 K W AY1 ER0,3,usu,VB
acrobat,AE1 K R AH0 B AE2 T,3,sus,NN
action,AE1 K SH AH0 N,2,su,NN
actor,AE1 K T ER0,2,su,NN
actual,AE1 K CH AH0 W AH0 L,3,suu,JJ
adapt,AH0 D AE1 P T,2,us,VB
addict,AH0 D IH1 K T,2,us,NN
adios,AA2 D IY0 OW1 S,3,sus,NNS
adjust,AH0 JH AH1 S T,2,us,VB
admiral,AE1 D M ER0 AH0 L,3,suu,JJ
adore,AH0 D AO1 R,2,us,VBP
adrian,EY1 D R IY0 AH0 N,3,suu,NN
adult,AH0 D AH1 L T,2,us,NN
advance,AH0 D V AE1 N S,2,us,NN
advice,AE0 D V AY1 S,2,us,NN
aerobic,EH0 R OW1 B IH0 K,3,usu,JJ
affair,AH0 F EH1 R,2,us,NN
affection,AH0 F EH1 K SH AH0 N,3,usu,NN
afford,AH0 F AO1 R D,2,us,VB
africa,AE1 F R AH0 K AH0,3,suu,NN
afternoon,AE2 F T ER0 N UW1 N,3,sus,NN
again,AH0 G EH1 N,2,us,RB
agatha,AE1 G AH0 TH AH0,3,suu,NN
agenda,AH0 JH EH1 N D AH0,3,usu,NN
agony,AE1 G AH0 N IY0,3,suu,NN
ahead,AH0 HH EH1 D,2,us,RB
aisle,AY1 L,1,s,NN
alabama,AE2 L AH0 B AE1 M AH0,4,susu,NN
aladdin,AH0 L AE1 D IH0 N,3,usu,NN
alamo,AE1 L AH0 M OW0,3,suu,NN
alarm,AH0 L AA1 R M,2,us,NN
alaska,AH0 L AE1 S K AH0,3,usu,NN
albert,AE1 L B ER0 T,2,su,NN
album,AE1 L B AH0 M,2,su,NN
alcohol,AE1 L K AH0 HH AA2 L,3,sus,NN
alert,AH0 L ER1 T,2,us,JJ
alfred,AE1 L F R AH0 D,2,su,VBN
algebra,AE1 L JH AH0 B R AH0,3,suu,NN
alias,EY1 L IY0 AH0 S,3,suu,NNS
alibi,AE1 L AH0 B AY2,3,sus,NN
alice,AE1 L AH0 S,2,su,NN
alien,EY1 L IY0 AH0 N,3,suu,JJ
alive,AH0 L AY1 V,2,us,JJ
alley,AE1 L IY0,2,su,NN
almanac,AA1 L M AH0 N AE2 K,3,sus,NN
almond,AA1 M AH0 N D,2,su,NN
aloha,AH0 L OW1 HH AA0,3,usu,NN
along,AH0 L AO1 NG,2,us,IN
alpha,AE1 L F AH0,2,su,JJ
already,AO0 L R EH1 D IY0,3,usu,RB
alter,AO1 L T ER0,2,su,VB
amadeus,AE2 M AH0 D EY1 AH0 S,4,susu,NNS
amanda,AH0 M AE1 N D AH0,3,usu,NN
amateur,AE1 M AH0 T ER2,3,sus,NN
amaze,AH0 M EY1 Z,2,us,VB
amber,AE1 M B ER0,2,su,JJ
ambient,AE1 M B IY0 AH0 N T,3,suu,NN
america,AH0 M EH1 R AH0 K AH0,4,usuu,NN
ammonia,AH0 M OW1 N Y AH0,3,usu,NN
among,AH0 M AH1 NG,2,us,IN
amount,AH0 M AW1 N T,2,us,NN
amused,AH0 M Y UW1 Z D,2,us,VBN
anagram,AE1 N AH0 G R AE2 M,3,sus,NN
analog,AE1 N AH0 L AO2 G,3,sus,NN
anatomy,AH0 N AE1 T AH0 M IY0,4,usuu,NN
ancient,EY1 N CH AH0 N T,2,su,JJ
andrea,AE1 N D R IY0 AH0,3,suu,NN
angel,EY1 N JH AH0 L,2,su,NN
animal,AE1 N AH0 M AH0 L,3,suu,JJ
anita,AH0 N IY1 T AH0,3,usu,NN
ankle,AE1 NG K AH0 L,2,su,NN
announce,AH0 N AW1 N S,2,us,VB
annual,AE1 N Y UW0 AH0 L,3,suu,JJ
another,AH0 N AH1 DH ER0,3,usu,DT
answer,AE1 N S ER0,2,su,NN
antenna,AE0 N T EH1 N AH0,3,usu,NN
antique,AE0 N T IY1 K,2,us,JJ
antonio,AE0 N T OW1 N IY0 OW0,4,usuu,NN
anvil,AE1 N V AH0 L,2,su,NN
anxiety,AE0 NG Z AY1 AH0 T IY0,4,usuu,NN
anymore,EH2 N IY0 M AO1 R,3,sus,RB
anyone,EH1 N IY0 W AH2 N,3,sus,NN
anything,EH1 N IY0 TH IH2 NG,3,sus,VBG
anyway,EH1 N IY0 W EY2,3,sus,RB
apart,AH0 P AA1 R T,2,us,RB
apollo,AH0 P AA1 L OW0,3,usu,NN
appear,AH0 P IH1 R,2,us,VB
apple,AE1 P AH0 L,2,su,NN
appreciate,AH0 P R IY1 SH IY0 EY2 T,4,usus,VB
april,EY1 P R AH0 L,2,su,NNP
apropos,AE2 P R AH0 P OW1,3,sus,NNS
arcade,AA0 R K EY1 D,2,us,NN
archer,AA1 R CH ER0,2,su,NN
arctic,AA1 R K T IH0 K,2,su,JJ
arena,ER0 IY1 N AH0,3,usu,NN
ariel,EH1 R IY0 AH0 L,3,suu,NN
arizona,EH2 R IH0 Z OW1 N AH0,4,susu,NN
armada,AA0 R M AA1 D AH0,3,usu,NN
armed,AA1 R M D,1,s,VBN
armor,AA1 R M ER0,2,su,NN
arnold,AA1 R N AH0 L D,2,su,NN
aroma,ER0 OW1 M AH0,3,usu,NN
around,ER0 AW1 N D,2,us,IN
arrange,ER0 EY1 N JH,2,us,VB
arrest,ER0 EH1 S T,2,us,NN
arrive,ER0 AY1 V,2,us,VB
arrow,AE1 R OW0,2,su,NN
arsenal,AA1 R S AH0 N AH0 L,3,suu,JJ
arthur,AA1 R TH ER0,2,su,NN
artist,AA1 R T AH0 S T,2,su,NN
ashamed,AH0 SH EY1 M D,2,us,JJ
aside,AH0 S AY1 D,2,us,RB
asleep,AH0 S L IY1 P,2,us,RB
aspirin,AE1 S P R IH0 N,2,su,NN
assault,AH0 S AO1 L T,2,us,NN
assume,AH0 S UW1 M,2,us,VB
asthma,AE1 Z M AH0,2,su,NN
athena,AH0 TH IY1 N AH0,3,usu,NN
atlanta,AE0 T L AE1 N T AH0,3,usu,NN
atomic,AH0 T AA1 M IH0 K,3,usu,JJ
attack,AH0 T AE1 K,2,us,NN
attempt,AH0 T EH1 M P T,2,us,NN
attitude,AE1 T AH0 T UW2 D,3,sus,NN
attract,AH0 T R AE1 K T,2,us,VB
auction,AA1 K SH AH0 N,2,su,NN
audio,AA1 D IY0 OW2,3,sus,JJ
august,AA1 G AH0 S T,2,su,JJ
aurora,ER0 AO1 R AH0,3,usu,NN
austin,AO1 S T AH0 N,2,su,NN
author,AO1 TH ER0,2,su,NN
avalon,AE1 V AH0 L AA2 N,3,sus,NN
avatar,AE1 V AH0 T AA2 R,3,sus,NN
avenue,AE1 V AH0 N UW2,3,sus,NN
average,AE1 V ER0 IH0 JH,3,suu,JJ
avocado,AE2 V AH0 K AA1 D OW0,4,susu,NN
await,AH0 W EY1 T,2,us,VB
awake,AH0 W EY1 K,2,us,JJ
aware,AH0 W EH1 R,2,us,JJ
awesome,AA1 S AH0 M,2,su,JJ
awful,AA1 F AH0 L,2,su,JJ
awkward,AA1 K W ER0 D,2,su,JJ
axiom,AE1 K S IY0 AH0 M,3,suu,NN
baboon,B AH0 B UW1 N,2,us,NN
bachelor,B AE1 CH AH0 L ER0,3,suu,NN
bacon,B EY1 K AH0 N,2,su,NN
badge,B AE1 JH,1,s,NN
bagel,B EY1 G AH0 L,2,su,NN
baggage,B AE1 G AH0 JH,2,su,NN
bahama,B AH0 HH AA1 M AH0,3,usu,NN
baker,B EY1 K ER0,2,su,NN
balance,B AE1 L AH0 N S,2,su,NN
balcony,B AE1 L K AH0 N IY0,3,suu,NN
ballad,B AE1 L AH0 D,2,su,NN
balsa,B AO1 L S AH0,2,su,NN
banana,B AH0 N AE1 N AH0,3,usu,NN
bandit,B AE1 N D AH0 T,2,su,NN
banner,B AE1 N ER0,2,su,NN
barbara,B AA1 R B ER0 AH0,3,suu,NN
barely,B EH1 R L IY0,2,su,RB
baron,B AE1 R AH0 N,2,su,NN
basic,B EY1 S IH0 K,2,su,JJ
basket,B AE1 S K AH0 T,2,su,NN
battery,B AE1 T ER0 IY0,3,suu,NN
bazaar,B AH0 Z AA1 R,2,us,NN
bazooka,B AH0 Z UW1 K AH0,3,usu,NN
beach,B IY1 CH,1,s,NN
beard,B IH1 R D,1,s,NN
beast,B IY1 S T,1,s,NN
beaten,B IY1 T AH0 N,2,su,VBN
beautiful,B Y UW1 T AH0 F AH0 L,3,suu,JJ
became,B IH0 K EY1 M,2,us,VBD
become,B IH0 K AH1 M,2,us,VB
before,B IH0 F AO1 R,2,us,IN
began,B IH0 G AE1 N,2,us,VBD
begin,B IH0 G IH1 N,2,us,VB
begun,B IH0 G AH1 N,2,us,VBN
belgium,B EH1 L JH AH0 M,2,su,NN
belief,B IH0 L IY1 F,2,us,NN
belly,B EH1 L IY0,2,su,RB
bench,B EH1 N CH,1,s,NN
beneath,B IH0 N IY1 TH,2,us,IN
benny,B EH1 N IY0,2,su,NN
berlin,B ER0 L IH1 N,2,us,NN
bermuda,B ER0 M Y UW1 D AH0,3,usu,NN
bernard,B ER0 N AA1 R D,2,us,NN
beside,B IH0 S AY1 D,2,us,IN
betray,B IH0 T R EY1,2,us,VB
better,B EH1 T ER0,2,su,JJR
between,B IH0 T W IY1 N,2,us,IN
beyond,B IH0 AA1 N D,2,us,IN
bicycle,B AY1 S IH0 K AH0 L,3,suu,NN
bikini,B IH0 K IY1 N IY0,3,usu,NN
billy,B IH1 L IY0,2,su,RB
binary,B AY1 N ER0 IY0,3,suu,JJ
bingo,B IH1 NG G OW0,2,su,NN
biology,B AY0 AA1 L AH0 JH IY0,4,usuu,NN
birth,B ER1 TH,1,s,NN
biscuit,B IH1 S K AH0 T,2,su,NN
bishop,B IH1 SH AH0 P,2,su,NN
bison,B AY1 S AH0 N,2,su,NN
bitter,B IH1 T ER0,2,su,JJ
blade,B L EY1 D,1,s,NN
blanket,B L AE1 NG K AH0 T,2,su,NN
blast,B L AE1 S T,1,s,NN
bleak,B L IY1 K,1,s,JJ
bleed,B L IY1 D,1,s,VB
blend,B L EH1 N D,1,s,NN
bless,B L EH1 S,1,s,VB
blink,B L IH1 NG K,1,s,VB
bliss,B L IH1 S,1,s,NN
blitz,B L IH1 T S,1,s,NN
block,B L AA1 K,1,s,NN
blonde,B L AA1 N D,1,s,JJ
bloody,B L AH1 D IY0,2,su,JJ
blossom,B L AA1 S AH0 M,2,su,VB
blouse,B L AW1 S,1,s,NN
blush,B L AH1 SH,1,s,NN
bombay,B AA0 M B EY1,2,us,NN
bonanza,B AH0 N AE1 N Z AH0,3,usu,NN
bonjour,B AH0 N ZH UH1 R,2,us,NN
bonus,B OW1 N AH0 S,2,su,NNS
boost,B UW1 S T,1,s,VB
border,B AO1 R D ER0,2,su,NN
boring,B AO1 R IH0 NG,2,su,JJ
boston,B AA1 S T AH0 N,2,su,NN
botanic,B AH0 T AE1 N IH0 K,3,usu,NN
bother,B AA1 DH ER0,2,su,VB
bottle,B AA1 T AH0 L,2,su,NN
bought,B AA1 T,1,s,VBD
bounce,B AW1 N S,1,s,VB
boxer,B AA1 K S ER0,2,su,NN
bracket,B R AE1 K IH0 T,2,su,NN
brain,B R EY1 N,1,s,NN
branch,B R AE1 N CH,1,s,NN
brave,B R EY1 V,1,s,JJ
brazil,B R AH0 Z IH1 L,2,us,NN
bread,B R EH1 D,1,s,NN
brenda,B R EH1 N D AH0,2,su,NN
bridge,B R IH1 JH,1,s,NN
brief,B R IY1 F,1,s,JJ
brigade,B R AH0 G EY1 D,2,us,NN
bring,B R IH1 NG,1,s,VB
brisk,B R IH1 S K,1,s,JJ
british,B R IH1 T IH0 SH,2,su,NN
broccoli,B R AA1 K AH0 L IY0,3,suu,NNS
broke,B R OW1 K,1,s,VBD
bronze,B R AA1 N Z,1,s,NN
broom,B R UW1 M,1,s,NN
brother,B R AH1 DH ER0,2,su,NN
brown,B R AW1 N,1,s,JJ
bruce,B R UW1 S,1,s,NN
bruise,B R UW1 Z,1,s,NN
bruno,B R UW1 N OW0,2,su,NN
brush,B R AH1 SH,1,s,NN
bubble,B AH1 B AH0 L,2,su,NN
bucket,B AH1 K AH0 T,2,su,NN
buddy,B AH1 D IY0,2,su,NN
budget,B AH1 JH IH0 T,2,su,NN
bueno,B W EY1 N OW0,2,su,NN
buffalo,B AH1 F AH0 L OW2,3,sus,NN
built,B IH1 L T,1,s,VBN
bullet,B UH1 L AH0 T,2,su,NN
bundle,B AH1 N D AH0 L,2,su,NN
burden,B ER1 D AH0 N,2,su,NN
burger,B ER1 G ER0,2,su,NN
burma,B ER1 M AH0,2,su,NN
burst,B ER1 S T,1,s,NN
business,B IH1 Z N AH0 S,2,su,NN
butterfly,B AH1 T ER0 F L AY2,3,sus,RB
buyer,B AY1 ER0,2,su,NN
buzzer,B AH1 Z ER0,2,su,NN
cabaret,K AE2 B ER0 EY1,3,sus,NN
cabbage,K AE1 B AH0 JH,2,su,NN
cabinet,K AE1 B AH0 N AH0 T,3,suu,NN
cable,K EY1 B AH0 L,2,su,NN
cactus,K AE1 K T AH0 S,2,su,NNS
cadet,K AH0 D EH1 T,2,us,NN
caesar,S IY1 Z ER0,2,su,NN
cairo,K AY1 R OW0,2,su,NN
camel,K AE1 M AH0 L,2,su,NN
camilla,K AH0 M IH1 L AH0,3,usu,NN
campus,K AE1 M P AH0 S,2,su,NNS
canada,K AE1 N AH0 D AH0,3,suu,NN
cancel,K AE1 N S AH0 L,2,su,VB
candid,K AE1 N D AH0 D,2,su,JJ
cannon,K AE1 N AH0 N,2,su,NN
canoe,K AH0 N UW1,2,us,NN
canvas,K AE1 N V AH0 S,2,su,NNS
canyon,K AE1 N Y AH0 N,2,su,NN
capable,K EY1 P AH0 B AH0 L,3,suu,JJ
capital,K AE1 P AH0 T AH0 L,3,suu,JJ
capsule,K AE1 P S AH0 L,2,su,NN
capture,K AE1 P CH ER0,2,su,VB
caramel,K EH1 R AH0 M AH0 L,3,suu,NN
carbon,K AA1 R B AH0 N,2,su,NN
career,K ER0 IH1 R,2,us,NN
carlo,K AA1 R L OW0,2,su,NN
carman,K AA1 R M AH0 N,2,su,NN
carol,K AE1 R AH0 L,2,su,NN
carpet,K AA1 R P AH0 T,2,su,NN
carrot,K AE1 R AH0 T,2,su,NN
cartel,K AA0 R T EH1 L,2,us,NN
carve,K AA1 R V,1,s,VB
casino,K AH0 S IY1 N OW0,3,usu,NN
castle,K AE1 S AH0 L,2,su,NN
casual,K AE1 ZH AH0 W AH0 L,3,suu,JJ
catalog,K AE1 T AH0 L AO0 G,3,suu,NN
category,K AE1 T AH0 G AO2 R IY0,4,susu,NN
cattle,K AE1 T AH0 L,2,su,NNS
caught,K AA1 T,1,s,VBN
cause,K AA1 Z,1,s,NN
caution,K AA1 SH AH0 N,2,su,NN
caviar,K AE1 V IY0 AA2 R,3,sus,NN
cease,S IY1 S,1,s,VB
cecilia,S IH0 S IY1 L Y AH0,3,usu,NN
ceiling,S IY1 L IH0 NG,2,su,VBG
celery,S EH1 L ER0 IY0,3,suu,NN
cello,CH EH1 L OW0,2,su,NN
celtic,S EH1 L T IH0 K,2,su,NN
cement,S AH0 M EH1 N T,2,us,NN
census,S EH1 N S AH0 S,2,su,NN
center,S EH1 N T ER0,2,su,NN
ceramic,S ER0 AE1 M IH0 K,3,usu,JJ
cereal,S IH1 R IY0 AH0 L,3,suu,JJ
certain,S ER1 T AH0 N,2,su,JJ
chalk,CH AA1 K,1,s,NN
chamber,CH EY1 M B ER0,2,su,NN
chance,CH AE1 N S,1,s,NN
chapter,CH AE1 P T ER0,2,su,NN
character,K EH1 R IH0 K T ER0,3,suu,NN
cheat,CH IY1 T,1,s,VB
cheek,CH IY1 K,1,s,NN
chemist,K EH1 M IH0 S T,2,su,NN
cherry,CH EH1 R IY0,2,su,JJ
chess,CH EH1 S,1,s,NN
chief,CH IY1 F,1,s,JJ
child,CH AY1 L D,1,s,NN
chimney,CH IH1 M N IY0,2,su,NN
china,CH AY1 N AH0,2,su,NN
chocolate,CH AO1 K L AH0 T,2,su,NN
choice,CH OY1 S,1,s,NN
choke,CH OW1 K,1,s,VB
chris,K R IH1 S,1,s,NNS
chrome,K R OW1 M,1,s,NN
chuckle,CH AH1 K AH0 L,2,su,NN
chunk,CH AH1 NG K,1,s,NN
church,CH ER1 CH,1,s,NN
cigar,S IH0 G AA1 R,2,us,NN
cinema,S IH1 N AH0 M AH0,3,suu,NN
cinnamon,S IH1 N AH0 M AH0 N,3,suu,NN
cipher,S AY1 F ER0,2,su,VB
circle,S ER1 K AH0 L,2,su,NN
citizen,S IH1 T AH0 Z AH0 N,3,suu,NN
citrus,S IH1 T R AH0 S,2,su,JJ
civil,S IH1 V AH0 L,2,su,JJ
claim,K L EY1 M,1,s,NN
clara,K L AE1 R AH0,2,su,NN
classic,K L AE1 S IH0 K,2,su,JJ
claudia,K L AO1 D IY0 AH0,3,suu,NN
clean,K L IY1 N,1,s,JJ
clerk,K L ER1 K,1,s,NN
clever,K L EH1 V ER0,2,su,JJ
client,K L AY1 AH0 N T,2,su,NN
cliff,K L IH1 F,1,s,NN
cling,K L IH1 NG,1,s,VBP
clock,K L AA1 K,1,s,NN
clone,K L OW1 N,1,s,NN
close,K L OW1 S,1,s,VB
cloth,K L AO1 TH,1,s,NN
cloud,K L AW1 D,1,s,NN
clown,K L AW1 N,1,s,NN
clump,K L AH1 M P,1,s,NN
cluster,K L AH1 S T ER0,2,su,NN
clutch,K L AH1 CH,1,s,NN
coach,K OW1 CH,1,s,NN
coast,K OW1 S T,1,s,NN
cobra,K OW1 B R AH0,2,su,NN
coconut,K OW1 K AH0 N AH2 T,3,sus,NN
coffee,K AA1 F IY0,2,su,NN
collapse,K AH0 L AE1 P S,2,us,NN
colombo,K AH0 L AH1 M B OW0,3,usu,NN
column,K AA1 L AH0 M,2,su,NN
combat,K AA1 M B AE0 T,2,su,NN
comedy,K AA1 M AH0 D IY0,3,suu,NN
comfort,K AH1 M F ER0 T,2,su,NN
comic,K AA1 M IH0 K,2,su,JJ
command,K AH0 M AE1 N D,2,us,NN
compact,K AA1 M P AE0 K T,2,su,JJ
conan,K OW1 N AH0 N,2,su,NN
concern,K AH0 N S ER1 N,2,us,NN
condor,K AA1 N D ER0,2,su,NN
confide,K AH0 N F AY1 D,2,us,VB
congo,K AA1 NG G OW0,2,su,NN
connect,K AH0 N EH1 K T,2,us,VB
consider,K AH0 N S IH1 D ER0,3,usu,VB
conversation,K AA2 N V ER0 S EY1 SH AH0 N,4,susu,NN
cookie,K UH1 K IY0,2,su,NN
copper,K AA1 P ER0,2,su,NN
coral,K AO1 R AH0 L,2,su,JJ
corner,K AO1 R N ER0,2,su,NN
corona,K ER0 OW1 N AH0,3,usu,NN
correct,K ER0 EH1 K T,2,us,JJ
cosmo,K AO1 Z M OW0,2,su,NN
costume,K AA0 S T UW1 M,2,us,NN
cotton,K AA1 T AH0 N,2,su,NN
couch,K AW1 CH,1,s,NN
count,K AW1 N T,1,s,NN
couple,K AH1 P AH0 L,2,su,NN
courage,K ER1 AH0 JH,2,su,NN
cousin,K AH1 Z AH0 N,2,su,NN
cover,K AH1 V ER0,2,su,VB
coward,K AW1 ER0 D,2,su,NN
coyote,K AY0 OW1 T IY0,3,usu,NN
crack,K R AE1 K,1,s,NN
cradle,K R EY1 D AH0 L,2,su,NN
craft,K R AE1 F T,1,s,NN
crane,K R EY1 N,1,s,NN
crash,K R AE1 SH,1,s,NN
crater,K R EY1 T ER0,2,su,NN
crave,K R EY1 V,1,s,VBP
crawl,K R AO1 L,1,s,VB
crazy,K R EY1 Z IY0,2,su,JJ
creak,K R IY1 K,1,s,NN
credit,K R EH1 D AH0 T,2,su,NN
creek,K R IY1 K,1,s,NN
cricket,K R IH1 K AH0 T,2,su,NN
crime,K R AY1 M,1,s,NN
crisp,K R IH1 S P,1,s,JJ
critic,K R IH1 T IH0 K,2,su,NN
cross,K R AO1 S,1,s,VB
crouch,K R AW1 CH,1,s,NN
crowd,K R AW1 D,1,s,NN
crucial,K R UW1 SH AH0 L,2,su,JJ
cruel,K R UW1 AH0 L,2,su,JJ
cruise,K R UW1 Z,1,s,NN
crumble,K R AH1 M B AH0 L,2,su,VB
crunch,K R AH1 N CH,1,s,NN
crush,K R AH1 SH,1,s,NN
crystal,K R IH1 S T AH0 L,2,su,JJ
cubic,K Y UW1 B IH0 K,2,su,JJ
culture,K AH1 L CH ER0,2,su,NN
cupboard,K AH1 B ER0 D,2,su,NN
cupid,K Y UW1 P IH0 D,2,su,NN
curious,K Y UH1 R IY0 AH0 S,3,suu,JJ
current,K ER1 AH0 N T,2,su,JJ
curse,K ER1 S,1,s,NN
curve,K ER1 V,1,s,NN
cushion,K UH1 SH AH0 N,2,su,NN
custom,K AH1 S T AH0 M,2,su,NN
cycle,S AY1 K AH0 L,2,su,NN
daddy,D AE1 D IY0,2,su,NN
daily,D EY1 L IY0,2,su,RB
dalla,D AE1 L AH0,2,su,NN
dance,D AE1 N S,1,s,NN
daniel,D AE1 N Y AH0 L,2,su,NN
danube,D AE1 N Y UW0 B,2,su,NN
daring,D EH1 R IH0 NG,2,su,JJ
darkness,D AA1 R K N AH0 S,2,su,NN
darling,D AA1 R L IH0 NG,2,su,VBG
darwin,D AA1 R W IH0 N,2,su,NN
datum,D AE1 T AH0 M,2,su,NN
daughter,D AO1 T ER0,2,su,NN
david,D EY1 V IH0 D,2,su,NN
deadly,D EH1 D L IY0,2,su,RB
death,D EH1 TH,1,s,NN
debate,D AH0 B EY1 T,2,us,NN
debris,D AH0 B R IY1,2,us,NNS
decade,D EH0 K EY1 D,2,us,NN
december,D IH0 S EH1 M B ER0,3,usu,NN
declare,D IH0 K L EH1 R,2,us,VB
decorate,D EH1 K ER0 EY2 T,3,sus,VBP
decrease,D IH0 K R IY1 S,2,us,NN
deeply,D IY1 P L IY0,2,su,RB
defeat,D IH0 F IY1 T,2,us,NN
define,D IH0 F AY1 N,2,us,VB
degree,D IH0 G R IY1,2,us,NN
delay,D IH0 L EY1,2,us,NN
delete,D IH0 L IY1 T,2,us,VB
delicate,D EH1 L AH0 K AH0 T,3,suu,JJ
delphi,D EH1 L F AY0,2,su,NN
delta,D EH1 L T AH0,2,su,NN
deluxe,D AH0 L AH1 K S,2,us,JJ
demand,D IH0 M AE1 N D,2,us,NN
demise,D IH0 M AY1 Z,2,us,NN
demon,D IY1 M AH0 N,2,su,NN
denial,D IH0 N AY1 AH0 L,3,usu,JJ
dentist,D EH1 N T AH0 S T,2,su,NN
denver,D EH1 N V ER0,2,su,NN
depart,D IH0 P AA1 R T,2,us,VB
depend,D IH0 P EH1 N D,2,us,VB
deposit,D AH0 P AA1 Z IH0 T,3,usu,NN
depress,D IH0 P R EH1 S,2,us,VB
depth,D EH1 P TH,1,s,NN
deputy,D EH1 P Y AH0 T IY0,3,suu,NN
derby,D ER1 B IY0,2,su,NN
derive,D ER0 AY1 V,2,us,VBP
descend,D IH0 S EH1 N D,2,us,VB
desert,D EH1 Z ER0 T,2,su,NN
design,D IH0 Z AY1 N,2,us,NN
despair,D IH0 S P EH1 R,2,us,NN
destination,D EH2 S T AH0 N EY1 SH AH0 N,4,susu,NN
detail,D IH0 T EY1 L,2,us,NN
detect,D IH0 T EH1 K T,2,us,VB
develop,D IH0 V EH1 L AH0 P,3,usu,VB
device,D IH0 V AY1 S,2,us,NN
devote,D IH0 V OW1 T,2,us,VB
dexter,D EH1 K S T ER0,2,su,NN
diagram,D AY1 AH0 G R AE2 M,3,sus,NN
dialog,D AY1 AH0 L AO0 G,3,suu,NN
diamond,D AY1 M AH0 N D,2,su,NN
diana,D AY0 AE1 N AH0,3,usu,NN
diary,D AY1 ER0 IY0,3,suu,NN
diego,D IY0 EY1 G OW0,3,usu,NN
diesel,D IY1 S AH0 L,2,su,NN
differ,D IH1 F ER0,2,su,VBP
digital,D IH1 JH AH0 T AH0 L,3,suu,JJ
dignity,D IH1 G N AH0 T IY0,3,suu,NN
dilemma,D IH0 L EH1 M AH0,3,usu,NN
dinner,D IH1 N ER0,2,su,NN
dinosaur,D AY1 N AH0 S AO2 R,3,sus,NN
diploma,D IH0 P L OW1 M AH0,3,usu,NN
direct,D ER0 EH1 K T,2,us,JJ
dirty,D ER1 T IY0,2,su,JJ
disco,D IH1 S K OW0,2,su,NN
disease,D IH0 Z IY1 Z,2,us,NN
disguise,D IH0 S G AY1 Z,2,us,VB
dismiss,D IH0 S M IH1 S,2,us,VB
disney,D IH1 Z N IY0,2,su,NN
disorder,D IH0 S AO1 R D ER0,3,usu,NN
display,D IH0 S P L EY1,2,us,NN
distance,D IH1 S T AH0 N S,2,su,NN
divert,D AY0 V ER1 T,2,us,VB
divide,D IH0 V AY1 D,2,us,VB
divorce,D IH0 V AO1 R S,2,us,NN
dizzy,D IH1 Z IY0,2,su,JJ
doctor,D AA1 K T ER0,2,su,NN
document,D AA1 K Y AH0 M EH0 N T,3,suu,NN
dolby,D OW1 L B IY0,2,su,NN
dollar,D AA1 L ER0,2,su,NN
dolphin,D AA1 L F AH0 N,2,su,NN
domain,D OW0 M EY1 N,2,us,NN
domino,D AA1 M AH0 N OW2,3,sus,NN
donald,D AA1 N AH0 L D,2,su,NN
donkey,D AA1 NG K IY0,2,su,NN
donor,D OW1 N ER0,2,su,NN
double,D AH1 B AH0 L,2,su,JJ
draft,D R AE1 F T,1,s,NN
dragon,D R AE1 G AH0 N,2,su,NN
drama,D R AA1 M AH0,2,su,NN
drawn,D R AO1 N,1,s,VBN
dread,D R EH1 D,1,s,NN
dress,D R EH1 S,1,s,NN
drift,D R IH1 F T,1,s,NN
drink,D R IH1 NG K,1,s,NN
drive,D R AY1 V,1,s,NN
drove,D R OW1 V,1,s,VBD
druid,D R UW1 IH0 D,2,su,NN
drunk,D R AH1 NG K,1,s,JJ
dublin,D AH1 B L IH0 N,2,su,NN
during,D UH1 R IH0 NG,2,su,IN
dusty,D AH1 S T IY0,2,su,JJ
dutch,D AH1 CH,1,s,NN
dwell,D W EH1 L,1,s,VBP
dynamic,D AY0 N AE1 M IH0 K,3,usu,JJ
eager,IY1 G ER0,2,su,JJ
eagle,IY1 G AH0 L,2,su,NN
early,ER1 L IY0,2,su,RB
earth,ER1 TH,1,s,NN
easily,IY1 Z AH0 L IY0,3,suu,RB
eclipse,IH0 K L IH1 P S,2,us,VB
ecology,IH0 K AA1 L AH0 JH IY0,4,usuu,NN
economy,IH0 K AA1 N AH0 M IY0,4,usuu,NN
eddie,EH1 D IY0,2,su,NN
edgar,EH1 D G ER0,2,su,NN
edison,EH1 D IH0 S AH0 N,3,suu,NN
edition,AH0 D IH1 SH AH0 N,3,usu,NN
educate,EH1 JH AH0 K EY2 T,3,sus,VB
edward,EH1 D W ER0 D,2,su,NN
effect,IH0 F EH1 K T,2,us,NN
effort,EH1 F ER0 T,2,su,NN
egypt,IY1 JH AH0 P T,2,su,NN
eight,EY1 T,1,s,NN
either,IY1 DH ER0,2,su,DT
elastic,IH0 L AE1 S T IH0 K,3,usu,JJ
elder,EH1 L D ER0,2,su,JJR
electra,IH0 L EH1 K T R AH0,3,usu,NN
elegant,EH1 L AH0 G AH0 N T,3,suu,JJ
element,EH1 L AH0 M AH0 N T,3,suu,NN
elephant,EH1 L AH0 F AH0 N T,3,suu,NN
elevator,EH1 L AH0 V EY2 T ER0,4,susu,NN
elite,IH0 L IY1 T,2,us,NN
elvis,EH1 L V IH0 S,2,su,NNS
email,IY0 M EY1 L,2,us,NN
embark,EH0 M B AA1 R K,2,us,VB
embody,IH0 M B AA1 D IY0,3,usu,VBP
embrace,EH0 M B R EY1 S,2,us,VB
emerald,EH1 M R AH0 L D,2,su,JJ
emotion,IH0 M OW1 SH AH0 N,3,usu,NN
empire,EH1 M P AY0 ER0,3,suu,NN
employ,EH0 M P L OY1,2,us,VB
empower,IH0 M P AW1 ER0,3,usu,VBP
emptiness,EH1 M P T IY0 N AH0 S,3,suu,NN
enable,EH0 N EY1 B AH0 L,3,usu,VB
enact,IH0 N AE1 K T,2,us,VB
endless,EH1 N D L AH0 S,2,su,JJ
endorse,EH0 N D AO1 R S,2,us,VB
enemy,EH1 N AH0 M IY0,3,suu,NN
energy,EH1 N ER0 JH IY0,3,suu,NN
enforce,EH0 N F AO1 R S,2,us,VB
engage,EH0 N G EY1 JH,2,us,VB
engine,EH1 N JH AH0 N,2,su,NN
english,IH1 NG G L IH0 SH,2,su,NN
enhance,EH0 N HH AE1 N S,2,us,VB
enigma,IH0 N IH1 G M AH0,3,usu,NN
enjoy,EH0 N JH OY1,2,us,VB
enlist,EH0 N L IH1 S T,2,us,VB
enough,IH0 N AH1 F,2,us,RB
enrich,EH0 N R IH1 CH,2,us,VB
enroll,EH0 N R OW1 L,2,us,VB
ensure,EH0 N SH UH1 R,2,us,VB
enter,EH1 N T ER0,2,su,VB
entire,IH0 N T AY1 ER0,3,usu,JJ
entry,EH1 N T R IY0,2,su,NN
envelope,EH1 N V AH0 L OW2 P,3,sus,NN
episode,EH1 P AH0 S OW2 D,3,sus,NN
epoxy,IH0 P AA1 K S IY0,3,usu,JJ
equal,IY1 K W AH0 L,2,su,JJ
equip,IH0 K W IH1 P,2,us,VB
erase,IH0 R EY1 S,2,us,VB
erode,IH0 R OW1 D,2,us,VB
erosion,IH0 R OW1 ZH AH0 N,3,usu,NN
error,EH1 R ER0,2,su,NN
erupt,IH0 R AH1 P T,2,us,VB
escape,IH0 S K EY1 P,2,us,VB
escort,EH0 S K AO1 R T,2,us,NN
especially,AH0 S P EH1 SH L IY0,3,usu,RB
essay,EH0 S EY1,2,us,NN
essence,EH1 S AH0 N S,2,su,NN
estate,IH0 S T EY1 T,2,us,NN
eternal,IH0 T ER1 N AH0 L,3,usu,JJ
ethic,EH1 TH IH0 K,2,su,NN
ethnic,EH1 TH N IH0 K,2,su,JJ
europe,Y UH1 R AH0 P,2,su,NN
evening,IY1 V N IH0 NG,2,su,VBG
everest,EH1 V ER0 AH0 S T,3,suu,NN
evidence,EH1 V AH0 D AH0 N S,3,suu,NN
evita,EH0 V IY1 T AH0,3,usu,NN
evoke,IH0 V OW1 K,2,us,VB
evolve,IH0 V AA1 L V,2,us,VB
exact,IH0 G Z AE1 K T,2,us,JJ
example,IH0 G Z AE1 M P AH0 L,3,usu,NN
except,IH0 K S EH1 P T,2,us,IN
exchange,IH0 K S CH EY1 N JH,2,us,NN
excite,IH0 K S AY1 T,2,us,VB
exclude,IH0 K S K L UW1 D,2,us,VB
excuse,IH0 K S K Y UW1 S,2,us,NN
execute,EH1 K S AH0 K Y UW2 T,3,sus,VB
exercise,EH1 K S ER0 S AY2 Z,3,sus,NN
exhaust,IH0 G Z AO1 S T,2,us,NN
exhibit,IH0 G Z IH1 B IH0 T,3,usu,NN
exist,IH0 G Z IH1 S T,2,us,VB
exodus,EH1 K S AH0 D AH0 S,3,suu,NNS
exotic,IH0 G Z AA1 T IH0 K,3,usu,JJ
expand,IH0 K S P AE1 N D,2,us,VB
expect,IH0 K S P EH1 K T,2,us,VBP
expire,IH0 K S P AY1 R,2,us,VB
explain,IH0 K S P L EY1 N,2,us,VB
export,EH1 K S P AO0 R T,2,su,NN
express,IH0 K S P R EH1 S,2,us,VB
extend,IH0 K S T EH1 N D,2,us,VB
extra,EH1 K S T R AH0,2,su,JJ
fabric,F AE1 B R IH0 K,2,su,NN
factor,F AE1 K T ER0,2,su,NN
faculty,F AE1 K AH0 L T IY0,3,suu,NN
faint,F EY1 N T,1,s,JJ
fairy,F EH1 R IY0,2,su,JJ
faith,F EY1 TH,1,s,NN
falcon,F AE1 L K AH0 N,2,su,NN
false,F AO1 L S,1,s,JJ
familiar,F AH0 M IH1 L Y ER0,3,usu,JJ
famous,F EY1 M AH0 S,2,su,JJ
fantasy,F AE1 N T AH0 S IY0,3,suu,NN
farmer,F AA1 R M ER0,2,su,NN
fashion,F AE1 SH AH0 N,2,su,NN
fatal,F EY1 T AH0 L,2,su,JJ
father,F AA1 DH ER0,2,su,NN
fatigue,F AH0 T IY1 G,2,us,NN
fault,F AO1 L T,1,s,NN
favorite,F EY1 V ER0 IH0 T,3,suu,JJ
feast,F IY1 S T,1,s,NN
feature,F IY1 CH ER0,2,su,NN
february,F EH1 B Y AH0 W EH2 R IY0,4,susu,NN
federal,F EH1 D ER0 AH0 L,3,suu,JJ
felicity,F IH0 L IH1 S AH0 T IY0,4,usuu,NN
ferrari,F ER0 AA1 R IY0,3,usu,NN
festival,F EH1 S T AH0 V AH0 L,3,suu,JJ
fetch,F EH1 CH,1,s,VB
fever,F IY1 V ER0,2,su,NN
fiber,F AY1 B ER0,2,su,NN
fiction,F IH1 K SH AH0 N,2,su,NN
fidel,F IH0 D EH1 L,2,us,NN
field,F IY1 L D,1,s,NN
fiesta,F IY0 EH1 S T AH0,3,usu,NN
figure,F IH1 G Y ER0,2,su,NN
filter,F IH1 L T ER0,2,su,NN
final,F AY1 N AH0 L,2,su,JJ
finish,F IH1 N IH0 SH,2,su,VB
fiona,F IY0 OW1 N AH0,3,usu,NN
first,F ER1 S T,1,s,NN
fiscal,F IH1 S K AH0 L,2,su,JJ
fitness,F IH1 T N AH0 S,2,su,NN
flame,F L EY1 M,1,s,NN
flare,F L EH1 R,1,s,NN
flash,F L AE1 SH,1,s,NN
flavor,F L EY1 V ER0,2,su,NN
flesh,F L EH1 SH,1,s,NN
flicker,F L IH1 K ER0,2,su,NN
flight,F L AY1 T,1,s,NN
flipper,F L IH1 P ER0,2,su,NN
flirt,F L ER1 T,1,s,VBP
float,F L OW1 T,1,s,VB
flock,F L AA1 K,1,s,NN
flood,F L AH1 D,1,s,NN
florida,F L AO1 R AH0 D AH0,3,suu,NN
flower,F L AW1 ER0,2,su,NN
fluid,F L UW1 AH0 D,2,su,NN
flush,F L AH1 SH,1,s,JJ
flute,F L UW1 T,1,s,NN
focus,F OW1 K AH0 S,2,su,NNS
follow,F AA1 L OW0,2,su,VB
forbid,F ER0 B IH1 D,2,us,VB
force,F AO1 R S,1,s,NN
forehead,F AO1 R HH EH0 D,2,su,NN
forget,F ER0 G EH1 T,2,us,VB
formal,F AO1 R M AH0 L,2,su,JJ
forth,F AO1 R TH,1,s,RB
forum,F AO1 R AH0 M,2,su,NN
forward,F AO1 R W ER0 D,2,su,RB
fossil,F AA1 S AH0 L,2,su,JJ
foster,F AA1 S T ER0,2,su,VB
fought,F AO1 T,1,s,VBD
found,F AW1 N D,1,s,VBD
fractal,F R AE1 K T AH0 L,2,su,JJ
fragile,F R AE1 JH AH0 L,2,su,JJ
frame,F R EY1 M,1,s,NN
france,F R AE1 N S,1,s,NN
freak,F R IY1 K,1,s,NN
freedom,F R IY1 D AH0 M,2,su,NN
frequent,F R IY1 K W AH0 N T,2,su,JJ
friday,F R AY1 D IY0,2,su,NN
friend,F R EH1 N D,1,s,NN
fright,F R AY1 T,1,s,NN
fringe,F R IH1 N JH,1,s,NN
front,F R AH1 N T,1,s,NN
frost,F R AO1 S T,1,s,NN
frown,F R AW1 N,1,s,VBP
frozen,F R OW1 Z AH0 N,2,su,VBN
fruit,F R UW1 T,1,s,NN
fully,F UH1 L IY0,2,su,RB
funny,F AH1 N IY0,2,su,JJ
furnace,F ER1 N AH0 S,2,su,NN
further,F ER1 DH ER0,2,su,JJ
future,F Y UW1 CH ER0,2,su,NN
gabriel,G EY1 B R IY0 AH0 L,3,suu,NN
gadget,G AE1 JH AH0 T,2,su,NN
galaxy,G AE1 L AH0 K S IY0,3,suu,NN
galileo,G AE2 L AH0 L IY1 OW0,4,susu,NN
gallery,G AE1 L ER0 IY0,3,suu,NN
gamma,G AE1 M AH0,2,su,NN
garage,G ER0 AA1 ZH,2,us,NN
garbo,G AA1 R B OW0,2,su,NN
garden,G AA1 R D AH0 N,2,su,NN
garlic,G AA1 R L IH0 K,2,su,NN
garment,G AA1 R M AH0 N T,2,su,NN
gather,G AE1 DH ER0,2,su,VB
gauge,G EY1 JH,1,s,NN
gelatin,JH EH1 L AH0 T AH0 N,3,suu,NN
gemini,JH EH1 M AH0 N AY2,3,sus,NN
general,JH EH1 N ER0 AH0 L,3,suu,JJ
genius,JH IY1 N Y AH0 S,2,su,NNS
genre,ZH AA1 N R AH0,2,su,NN
gentle,JH EH1 N T AH0 L,2,su,JJ
genuine,JH EH1 N Y AH0 W AH0 N,3,suu,JJ
george,JH AO1 R JH,1,s,NN
germany,JH ER1 M AH0 N IY0,3,suu,NN
gesture,JH EH1 S CH ER0,2,su,NN
ghost,G OW1 S T,1,s,NN
giant,JH AY1 AH0 N T,2,su,NN
gibson,G IH1 B S AH0 N,2,su,NN
giggle,G IH1 G AH0 L,2,su,NN
gilbert,G IH1 L B ER0 T,2,su,NN
ginger,JH IH1 N JH ER0,2,su,NN
giraffe,JH ER0 AE1 F,2,us,NN
given,G IH1 V AH0 N,2,su,VBN
glance,G L AE1 N S,1,s,NN
glare,G L EH1 R,1,s,NN
glass,G L AE1 S,1,s,NN
glide,G L AY1 D,1,s,VB
glimpse,G L IH1 M P S,1,s,NN
global,G L OW1 B AH0 L,2,su,JJ
gloom,G L UW1 M,1,s,NN
gloria,G L AO1 R IY0 AH0,3,suu,NN
goblin,G AA1 B L IH0 N,2,su,NN
goddess,G AA1 D AH0 S,2,su,NN
gondola,G AA1 N D AH0 L AH0,3,suu,NN
goose,G UW1 S,1,s,NN
gopher,G OW1 F ER0,2,su,NN
gordon,G AO1 R D AH0 N,2,su,NN
gorilla,G ER0 IH1 L AH0,3,usu,NN
gospel,G AA1 S P AH0 L,2,su,NN
gossip,G AA1 S AH0 P,2,su,NN
gotta,G AA1 T AH0,2,su,VB
govern,G AH1 V ER0 N,2,su,VB
grace,G R EY1 S,1,s,NN
grade,G R EY1 D,1,s,NN
grand,G R AE1 N D,1,s,JJ
grape,G R EY1 P,1,s,NN
grasp,G R AE1 S P,1,s,VB
gravity,G R AE1 V AH0 T IY0,3,suu,NN
greek,G R IY1 K,1,s,NN
gregory,G R EH1 G ER0 IY0,3,suu,NN
grief,G R IY1 F,1,s,NN
griffin,G R IH1 F IH0 N,2,su,NN
grille,G R IH1 L,1,s,NN
grocery,G R OW1 S ER0 IY0,3,suu,NN
ground,G R AW1 N D,1,s,NN
grown,G R OW1 N,1,s,VBN
grunt,G R AH1 N T,1,s,VB
guard,G AA1 R D,1,s,NN
guess,G EH1 S,1,s,VBP
guide,G AY1 D,1,s,NN
guilt,G IH1 L T,1,s,NN
guitar,G IH0 T AA1 R,2,us,NN
gustav,G UH1 S T AA0 F,2,su,NN
habitat,HH AE1 B AH0 T AE2 T,3,sus,NN
hamlet,HH AE1 M L AH0 T,2,su,NN
hammer,HH AE1 M ER0,2,su,NN
hamster,HH AE1 M S T ER0,2,su,NN
happen,HH AE1 P AH0 N,2,su,VB
harbor,HH AA1 R B ER0,2,su,NN
hardly,HH AA1 R D L IY0,2,su,RB
harlem,HH AA1 R L AH0 M,2,su,NN
harmony,HH AA1 R M AH0 N IY0,3,suu,NN
harris,HH EH1 R IH0 S,2,su,NNS
harsh,HH AA1 R SH,1,s,JJ
harvard,HH AA1 R V ER0 D,2,su,NN
hatred,HH EY1 T R AH0 D,2,su,VBN
haunt,HH AO1 N T,1,s,VB
havana,HH AH0 V AE1 N AH0,3,usu,NN
hazard,HH AE1 Z ER0 D,2,su,NN
health,HH EH1 L TH,1,s,NN
heard,HH ER1 D,1,s,VBN
heaven,HH EH1 V AH0 N,2,su,NN
height,HH AY1 T,1,s,NN
helena,HH EH1 L AH0 N AH0,3,suu,NN
helium,HH IY1 L IY0 AH0 M,3,suu,NN
hello,HH AH0 L OW1,2,us,UH
helmet,HH EH1 L M AH0 T,2,su,NN
henry,HH EH1 N R IY0,2,su,NN
herbert,HH ER1 B ER0 T,2,su,NN
herman,HH ER1 M AH0 N,2,su,NN
heroic,HH IH0 R OW1 IH0 K,3,usu,JJ
hexagon,HH EH1 K S AH0 G AA2 N,3,sus,NN
hidden,HH IH1 D AH0 N,2,su,VBN
hilton,HH IH1 L T AH0 N,2,su,NN
hippie,HH IH1 P IY0,2,su,NN
history,HH IH1 S T ER0 IY0,3,suu,NN
hobby,HH AA1 B IY0,2,su,NN
hockey,HH AA1 K IY0,2,su,NN
holiday,HH AA1 L AH0 D EY2,3,sus,NN
honey,HH AH1 N IY0,2,su,NN
hopefully,HH OW1 P F AH0 L IY0,3,suu,RB
horizon,HH ER0 AY1 Z AH0 N,3,usu,NN
horrible,HH AO1 R AH0 B AH0 L,3,suu,JJ
horse,HH AO1 R S,1,s,NN
hostel,HH AA1 S T AH0 L,2,su,NN
hotel,HH OW0 T EH1 L,2,us,NN
house,HH AW1 S,1,s,NN
hover,HH AH1 V ER0,2,su,VB
human,HH Y UW1 M AH0 N,2,su,JJ
humble,HH AH1 M B AH0 L,2,su,JJ
humor,HH Y UW1 M ER0,2,su,NN
hunger,HH AH1 NG G ER0,2,su,NN
hunter,HH AH1 N T ER0,2,su,NN
hurdle,HH ER1 D AH0 L,2,su,NN
hurry,HH ER1 IY0,2,su,NN
husband,HH AH1 Z B AH0 N D,2,su,NN
hybrid,HH AY1 B R AH0 D,2,su,JJ
iceberg,AY1 S B ER0 G,2,su,NN
identify,AY0 D EH1 N T AH0 F AY2,4,usus,VB
idiom,IH1 D IY0 AH0 M,3,suu,NN
igloo,IH1 G L UW0,2,su,NN
ignorance,IH1 G N ER0 AH0 N S,3,suu,NN
illegal,IH0 L IY1 G AH0 L,3,usu,JJ
illness,IH1 L N AH0 S,2,su,NN
illuminate,IH0 L UW1 M IH0 N IH0 T,4,usuu,VB
image,IH1 M AH0 JH,2,su,NN
imitate,IH1 M AH0 T EY2 T,3,sus,VB
immense,IH0 M EH1 N S,2,us,JJ
immune,IH0 M Y UW1 N,2,us,JJ
impact,IH0 M P AE1 K T,2,us,NN
import,IH0 M P AO1 R T,2,us,NN
impress,IH0 M P R EH1 S,2,us,VB
impulse,IH1 M P AH0 L S,2,su,NN
include,IH0 N K L UW1 D,2,us,VBP
increase,IH0 N K R IY1 S,2,us,NN
indeed,IH0 N D IY1 D,2,us,RB
india,IH1 N D IY0 AH0,3,suu,NN
industry,IH1 N D AH0 S T R IY0,3,suu,NN
infant,IH1 N F AH0 N T,2,su,NN
inflict,IH0 N F L IH1 K T,2,us,VB
inform,IH0 N F AO1 R M,2,us,VB
ingrid,IH1 NG G R IH0 D,2,su,NN
inhale,IH0 N HH EY1 L,2,us,NN
inherit,IH0 N HH EH1 R AH0 T,3,usu,VB
initial,IH0 N IH1 SH AH0 L,3,usu,JJ
inject,IH0 N JH EH1 K T,2,us,VB
injury,IH1 N JH ER0 IY0,3,suu,NN
inner,IH1 N ER0,2,su,JJ
innocence,IH1 N AH0 S AH0 N S,3,suu,NN
inquiry,IH0 N K W AY1 R IY0,3,usu,NN
insane,IH0 N S EY1 N,2,us,JJ
inside,IH0 N S AY1 D,2,us,IN
inspire,IH0 N S P AY1 R,2,us,VB
install,IH0 N S T AO1 L,2,us,VB
insult,IH0 N S AH1 L T,2,us,NN
intact,IH0 N T AE1 K T,2,us,JJ
interest,IH1 N T R AH0 S T,2,su,NN
invent,IH0 N V EH1 N T,2,us,VB
invisible,IH0 N V IH1 Z AH0 B AH0 L,4,usuu,JJ
involve,IH0 N V AA1 L V,2,us,VB
ironic,AY0 R AA1 N IH0 K,3,usu,JJ
isabel,IH1 Z AH0 B EH2 L,3,sus,NN
island,AY1 L AH0 N D,2,su,NN
isolate,AY1 S AH0 L EY2 T,3,sus,VB
isotope,AY1 S AH0 T OW2 P,3,sus,NN
issue,IH1 SH UW0,2,su,NN
italian,IH0 T AE1 L Y AH0 N,3,usu,NN
itself,IH0 T S EH1 L F,2,us,PRP
ivory,AY1 V ER0 IY0,3,suu,NN
jacket,JH AE1 K AH0 T,2,su,NN
jacob,JH EY1 K AH0 B,2,su,NN
jamaica,JH AH0 M EY1 K AH0,3,usu,NN
james,JH EY1 M Z,1,s,NNS
janet,JH AE1 N AH0 T,2,su,NN
japan,JH AH0 P AE1 N,2,us,NN
jargon,JH AA1 R G AH0 N,2,su,NN
jasmine,JH AE1 Z M AH0 N,2,su,NN
jason,JH EY1 S AH0 N,2,su,NN
jealous,JH EH1 L AH0 S,2,su,JJ
jeans,JH IY1 N Z,1,s,NNS
jelly,JH EH1 L IY0,2,su,RB
jerome,JH ER0 OW1 M,2,us,NN
jessica,JH EH1 S IH0 K AH0,3,suu,NN
jester,JH EH1 S T ER0,2,su,NN
jewel,JH UW1 AH0 L,2,su,NN
jimmy,JH IH1 M IY0,2,su,NN
joker,JH OW1 K ER0,2,su,NN
jordan,JH AO1 R D AH0 N,2,su,NN
joseph,JH OW1 S AH0 F,2,su,NN
joshua,JH AA1 SH UW0 AH0,3,suu,NN
journal,JH ER1 N AH0 L,2,su,JJ
judge,JH AH1 JH,1,s,NN
juice,JH UW1 S,1,s,NN
juliet,JH UW1 L IY0 EH2 T,3,sus,NN
jumbo,JH AH1 M B OW0,2,su,JJ
jungle,JH AH1 NG G AH0 L,2,su,NN
junior,JH UW1 N Y ER0,2,su,JJ
jupiter,JH UW1 P AH0 T ER0,3,suu,NN
justice,JH AH1 S T AH0 S,2,su,NN
kangaroo,K AE2 NG G ER0 UW1,3,sus,NN
kansas,K AE1 N Z AH0 S,2,su,NN
karate,K ER0 AA1 T IY0,3,usu,NN
karma,K AA1 R M AH0,2,su,NN
kayak,K AY1 AE0 K,2,su,NN
kermit,K ER1 M IH0 T,2,su,NN
ketchup,K EH1 CH AH0 P,2,su,NN
kevin,K EH1 V IH0 N,2,su,NN
kimono,K AH0 M OW1 N AH0,3,usu,FW
kinetic,K AH0 N EH1 T IH0 K,3,usu,JJ
kitchen,K IH1 CH AH0 N,2,su,NN
kitten,K IH1 T AH0 N,2,su,NN
knock,N AA1 K,1,s,VB
knowledge,N AA1 L AH0 JH,2,su,NN
koala,K OW0 AA1 L AH0,3,usu,NN
korea,K AO0 R IY1 AH0,3,usu,NN
label,L EY1 B AH0 L,2,su,NN
labor,L EY1 B ER0,2,su,NN
ladder,L AE1 D ER0,2,su,NN
lagoon,L AH0 G UW1 N,2,us,NN
language,L AE1 NG G W AH0 JH,2,su,NN
large,L AA1 R JH,1,s,JJ
laser,L EY1 Z ER0,2,su,NN
later,L EY1 T ER0,2,su,RB
latin,L AE1 T AH0 N,2,su,NN
laugh,L AE1 F,1,s,NN
laundry,L AO1 N D R IY0,2,su,NN
laura,L AO1 R AH0,2,su,NN
layer,L EY1 ER0,2,su,NN
lazarus,L AE1 Z ER0 AH0 S,3,suu,NNS
leader,L IY1 D ER0,2,su,NN
learn,L ER1 N,1,s,VB
least,L IY1 S T,1,s,JJS
leave,L IY1 V,1,s,VB
lecture,L EH1 K CH ER0,2,su,NN
legacy,L EH1 G AH0 S IY0,3,suu,NN
legend,L EH1 JH AH0 N D,2,su,NN
leisure,L EH1 ZH ER0,2,su,NN
lemon,L EH1 M AH0 N,2,su,NN
leonid,L IY1 AH0 N IH0 D,3,suu,NN
leopard,L EH1 P ER0 D,2,su,NN
lesson,L EH1 S AH0 N,2,su,NN
letter,L EH1 T ER0,2,su,NN
level,L EH1 V AH0 L,2,su,NN
lexicon,L EH1 K S IH0 K AA2 N,3,sus,NN
liberal,L IH1 B ER0 AH0 L,3,suu,JJ
libra,L IY1 B R AH0,2,su,NN
license,L AY1 S AH0 N S,2,su,NN
lifeless,L AY1 F L AH0 S,2,su,JJ
light,L AY1 T,1,s,NN
limbo,L IH1 M B OW0,2,su,NN
limit,L IH1 M AH0 T,2,su,NN
linda,L IH1 N D AH0,2,su,NN
linear,L IH1 N IY0 ER0,3,suu,JJ
linger,L IH1 NG G ER0,2,su,VB
liquid,L IH1 K W AH0 D,2,su,JJ
liter,L IY1 T ER0,2,su,NN
lithium,L IH1 TH IY0 AH0 M,3,suu,NN
little,L IH1 T AH0 L,2,su,JJ
lizard,L IH1 Z ER0 D,2,su,NN
llama,L AA1 M AH0,2,su,NN
lobby,L AA1 B IY0,2,su,NN
lobster,L AA1 B S T ER0,2,su,NN
local,L OW1 K AH0 L,2,su,JJ
logic,L AA1 JH IH0 K,2,su,NN
london,L AH1 N D AH0 N,2,su,NN
loose,L UW1 S,1,s,JJ
lopez,L OW1 P EH0 Z,2,su,NN
lorenzo,L ER0 EH1 N Z OW0,3,usu,NN
loser,L UW1 Z ER0,2,su,NN
lottery,L AA1 T ER0 IY0,3,suu,NN
lotus,L OW1 T AH0 S,2,su,NNS
lounge,L AW1 N JH,1,s,NN
lovely,L AH1 V L IY0,2,su,RB
loyal,L OY1 AH0 L,2,su,JJ
lucky,L AH1 K IY0,2,su,JJ
luggage,L AH1 G AH0 JH,2,su,NN
lumber,L AH1 M B ER0,2,su,NN
lunar,L UW1 N ER0,2,su,JJ
lunch,L AH1 N CH,1,s,NN
luxury,L AH1 G ZH ER0 IY0,3,suu,NN
lyric,L IH1 R IH0 K,2,su,JJ
machine,M AH0 SH IY1 N,2,us,NN
macro,M AE1 K R OW0,2,su,NN
madam,M AE1 D AH0 M,2,su,NN
madonna,M AH0 D AA1 N AH0,3,usu,NN
madrid,M AH0 D R IH1 D,2,us,NN
maestro,M AY1 S T R OW0,2,su,NN
magenta,M AH0 JH EH1 N T AH0,3,usu,JJ
magic,M AE1 JH IH0 K,2,su,NN
magnet,M AE1 G N AH0 T,2,su,NN
major,M EY1 JH ER0,2,su,JJ
malta,M AO1 L T AH0,2,su,NN
mambo,M AA1 M B OW0,2,su,NN
mammal,M AE1 M AH0 L,2,su,JJ
manage,M AE1 N AH0 JH,2,su,VB
mango,M AE1 NG G OW0,2,su,NN
manila,M AH0 N IH1 L AH0,3,usu,JJ
mansion,M AE1 N SH AH0 N,2,su,NN
manual,M AE1 N Y UW0 AH0 L,3,suu,JJ
maple,M EY1 P AH0 L,2,su,NN
marble,M AA1 R B AH0 L,2,su,NN
march,M AA1 R CH,1,s,NN
margin,M AA1 R JH AH0 N,2,su,NN
marina,M ER0 IY1 N AH0,3,usu,NN
market,M AA1 R K AH0 T,2,su,NN
marriage,M EH1 R IH0 JH,2,su,NN
martin,M AA1 R T AH0 N,2,su,NN
marvin,M AA1 R V IH0 N,2,su,NN
master,M AE1 S T ER0,2,su,NN
match,M AE1 CH,1,s,VB
material,M AH0 T IH1 R IY0 AH0 L,4,usuu,JJ
matrix,M EY1 T R IH0 K S,2,su,NN
matter,M AE1 T ER0,2,su,NN
maximum,M AE1 K S AH0 M AH0 M,3,suu,JJ
maybe,M EY1 B IY0,2,su,RB
mayday,M EY1 D EY0,2,su,NN
mayor,M EY1 ER0,2,su,NN
meaning,M IY1 N IH0 NG,2,su,VBG
measure,M EH1 ZH ER0,2,su,NN
mechanic,M AH0 K AE1 N IH0 K,3,usu,NN
media,M IY1 D IY0 AH0,3,suu,NNS
medusa,M AH0 D UW1 S AH0,3,usu,NN
melody,M EH1 L AH0 D IY0,3,suu,NN
member,M EH1 M B ER0,2,su,NN
memphis,M EH1 M F AH0 S,2,su,NNS
mental,M EH1 N T AH0 L,2,su,JJ
mercury,M ER1 K Y ER0 IY0,3,suu,NN
merge,M ER1 JH,1,s,VB
merit,M EH1 R AH0 T,2,su,NN
merry,M EH1 R IY0,2,su,JJ
message,M EH1 S AH0 JH,2,su,NN
metal,M EH1 T AH0 L,2,su,JJ
meteor,M IY1 T IY0 ER0,3,suu,NN
method,M EH1 TH AH0 D,2,su,NN
mexico,M EH1 K S AH0 K OW2,3,sus,NN
miami,M AY0 AE1 M IY0,3,usu,NN
michael,M AY1 K AH0 L,2,su,NN
middle,M IH1 D AH0 L,2,su,NN
might,M AY1 T,1,s,MD
miguel,M IH0 G EH1 L,2,us,NN
milan,M AH0 L AA1 N,2,us,NN
miller,M IH1 L ER0,2,su,NN
mimic,M IH1 M IH0 K,2,su,VB
mimosa,M IH0 M OW1 S AH0,3,usu,NN
mineral,M IH1 N ER0 AH0 L,3,suu,JJ
minimum,M IH1 N AH0 M AH0 M,3,suu,JJ
minor,M AY1 N ER0,2,su,JJ
minus,M AY1 N AH0 S,2,su,CC
miracle,M IH1 R AH0 K AH0 L,3,suu,NN
mirror,M IH1 R ER0,2,su,NN
misery,M IH1 Z ER0 IY0,3,suu,NN
mission,M IH1 SH AH0 N,2,su,NN
mister,M IH1 S T ER0,2,su,NN
mixed,M IH1 K S T,1,s,VBN
mobile,M OW1 B AH0 L,2,su,JJ
model,M AA1 D AH0 L,2,su,NN
modify,M AA1 D AH0 F AY2,3,sus,VB
modular,M AA1 JH AH0 L ER0,3,suu,JJ
moment,M OW1 M AH0 N T,2,su,NN
monaco,M AA1 N AH0 K OW2,3,sus,NN
monday,M AH1 N D IY0,2,su,NN
money,M AH1 N IY0,2,su,NN
monica,M AA1 N IH0 K AH0,3,suu,NN
monkey,M AH1 NG K IY0,2,su,NN
monster,M AA1 N S T ER0,2,su,NN
montana,M AA0 N T AE1 N AH0,3,usu,NN
moral,M AO1 R AH0 L,2,su,JJ
morgan,M AO1 R G AH0 N,2,su,NN
morning,M AO1 R N IH0 NG,2,su,VBG
morph,M AO1 R F,1,s,NN
morris,M AO1 R AH0 S,2,su,NNS
mosquito,M AH0 S K IY1 T OW0,3,usu,NN
mostly,M OW1 S T L IY0,2,su,RB
motel,M OW0 T EH1 L,2,us,NN
mother,M AH1 DH ER0,2,su,NN
motif,M OW0 T IY1 F,2,us,NN
motor,M OW1 T ER0,2,su,NN
mountain,M AW1 N T AH0 N,2,su,NN
mourn,M AO1 R N,1,s,VB
mouse,M AW1 S,1,s,NN
mouth,M AW1 TH,1,s,NN
movement,M UW1 V M AH0 N T,2,su,NN
movie,M UW1 V IY0,2,su,NN
mozart,M OW1 Z AA0 R T,2,su,NN
muffin,M AH1 F AH0 N,2,su,NN
multi,M AH1 L T IY0,2,su,NNS
mumble,M AH1 M B AH0 L,2,su,NN
murder,M ER1 D ER0,2,su,NN
muscle,M AH1 S AH0 L,2,su,NN
museum,M Y UW0 Z IY1 AH0 M,3,usu,NN
mushroom,M AH1 SH R UW0 M,2,su,NN
music,M Y UW1 Z IH0 K,2,su,NN
mutter,M AH1 T ER0,2,su,VB
mutual,M Y UW1 CH UW0 AH0 L,3,suu,JJ
mystery,M IH1 S T ER0 IY0,3,suu,NN
nadia,N AE1 D Y AH0,2,su,NN
naked,N EY1 K AH0 D,2,su,JJ
nancy,N AE1 N S IY0,2,su,NN
napkin,N AE1 P K IH0 N,2,su,NN
narrow,N EH1 R OW0,2,su,JJ
nasty,N AE1 S T IY0,2,su,JJ
natasha,N AH0 T AA1 SH AH0,3,usu,NN
nation,N EY1 SH AH0 N,2,su,NN
natural,N AE1 CH ER0 AH0 L,3,suu,JJ
nearly,N IH1 R L IY0,2,su,RB
nebula,N EH1 B Y AH0 L AH0,3,suu,NN
nectar,N EH1 K T ER0,2,su,NN
needle,N IY1 D AH0 L,2,su,NN
negative,N EH1 G AH0 T IH0 V,3,suu,JJ
neglect,N AH0 G L EH1 K T,2,us,NN
neighbor,N EY1 B ER0,2,su,NN
neither,N IY1 DH ER0,2,su,DT
nelson,N EH1 L S AH0 N,2,su,NN
nepal,N AH0 P AO1 L,2,us,JJ
nephew,N EH1 F Y UW0,2,su,NN
neptune,N EH1 P T UW0 N,2,su,NN
nerve,N ER1 V,1,s,NN
neurons,N UH1 R AA0 N Z,2,su,NNS
neutral,N UW1 T R AH0 L,2,su,JJ
nevada,N AH0 V AA1 D AH0,3,usu,NN
never,N EH1 V ER0,2,su,RB
newton,N UW1 T AH0 N,2,su,NN
nickel,N IH1 K AH0 L,2,su,NN
night,N AY1 T,1,s,NN
ninja,N IH1 N JH AH0,2,su,NN
nirvana,N IH0 R V AA1 N AH0,3,usu,NN
nissan,N IY1 S AA0 N,2,su,NN
nitro,N IH1 T R OW0,2,su,NN
nixon,N IH1 K S AH0 N,2,su,NN
nobel,N OW0 B EH1 L,2,us,NN
noise,N OY1 Z,1,s,NN
nominal,N AA1 M AH0 N AH0 L,3,suu,JJ
noodle,N UW1 D AH0 L,2,su,NN
normal,N AO1 R M AH0 L,2,su,JJ
north,N AO1 R TH,1,s,RB
notable,N OW1 T AH0 B AH0 L,3,suu,JJ
nothing,N AH1 TH IH0 NG,2,su,VBG
notice,N OW1 T AH0 S,2,su,NN
novum,N OW1 V AH0 M,2,su,NN
novel,N AA1 V AH0 L,2,su,NN
nuclear,N UW1 K L IY0 ER0,3,suu,JJ
number,N AH1 M B ER0,2,su,NN
numeric,N UW0 M EH1 R IH0 K,3,usu,NN
nurse,N ER1 S,1,s,NN
oases,OW0 EY1 S IY0 Z,3,usu,NNS
oberon,OW1 B ER0 AA2 N,3,sus,NN
object,AA1 B JH EH0 K T,2,su,NN
oblige,AH0 B L AY1 JH,2,us,VB
obscure,AH0 B S K Y UH1 R,2,us,JJ
observe,AH0 B Z ER1 V,2,us,VB
obtain,AH0 B T EY1 N,2,us,VB
obvious,AA1 B V IY0 AH0 S,3,suu,JJ
occur,AH0 K ER1,2,us,VB
ocean,OW1 SH AH0 N,2,su,NN
octavia,AA0 K T EY1 V IY0 AH0,4,usuu,NN
october,AA0 K T OW1 B ER0,3,usu,NN
offer,AO1 F ER0,2,su,NN
office,AO1 F AH0 S,2,su,NN
often,AO1 F AH0 N,2,su,RB
oliver,AA1 L AH0 V ER0,3,suu,NN
olympic,OW0 L IH1 M P IH0 K,3,usu,NN
omega,OW0 M EH1 G AH0,3,usu,NN
onion,AH1 N Y AH0 N,2,su,NN
opera,AA1 P R AH0,2,su,NN
opinion,AH0 P IH1 N Y AH0 N,3,usu,NN
oppose,AH0 P OW1 Z,2,us,VB
optic,AA1 P T IH0 K,2,su,JJ
orange,AO1 R AH0 N JH,2,su,JJ
orbit,AO1 R B AH0 T,2,su,NN
orchard,AO1 R CH ER0 D,2,su,NN
order,AO1 R D ER0,2,su,NN
ordinary,AO1 R D AH0 N EH2 R IY0,4,susu,JJ
organ,AO1 R G AH0 N,2,su,NN
orient,AO1 R IY0 EH2 N T,3,sus,NN
origin,AO1 R AH0 JH AH0 N,3,suu,NN
orinoco,AO2 R AH0 N OW1 K OW0,4,susu,NN
orion,OW0 R AY1 AH0 N,3,usu,NN
orlando,AO0 R L AE1 N D OW0,3,usu,NN
orphan,AO1 R F AH0 N,2,su,JJ
oscar,AO1 S K ER0,2,su,NN
ostrich,AO1 S T R IH0 CH,2,su,JJ
othello,AH0 TH EH1 L OW0,3,usu,NN
outer,AW1 T ER0,2,su,JJ
owner,OW1 N ER0,2,su,NN
oxford,AA1 K S F ER0 D,2,su,NN
oxygen,AA1 K S AH0 JH AH0 N,3,suu,NN
oyster,OY1 S T ER0,2,su,NN
pablo,P AA1 B L OW0,2,su,NN
pacific,P AH0 S IH1 F IH0 K,3,usu,JJ
package,P AE1 K AH0 JH,2,su,NN
paddle,P AE1 D AH0 L,2,su,NN
pagoda,P AH0 G OW1 D AH0,3,usu,NN
painful,P EY1 N F AH0 L,2,su,JJ
palace,P AE1 L AH0 S,2,su,NN
palma,P AA1 L M AH0,2,su,NN
pamela,P AE1 M AH0 L AH0,3,suu,NN
panama,P AE1 N AH0 M AA2,3,sus,NN
panda,P AE1 N D AH0,2,su,NN
panel,P AE1 N AH0 L,2,su,NN
panic,P AE1 N IH0 K,2,su,NN
panther,P AE1 N TH ER0,2,su,NN
paper,P EY1 P ER0,2,su,NN
paprika,P AE0 P R IY1 K AH0,3,usu,NN
parade,P ER0 EY1 D,2,us,NN
pardon,P AA1 R D AH0 N,2,su,VB
parent,P EH1 R AH0 N T,2,su,NN
paris,P EH1 R IH0 S,2,su,NNS
parker,P AA1 R K ER0,2,su,NN
parlor,P AA1 R L ER0,2,su,NN
parody,P EH1 R AH0 D IY0,3,suu,NN
parrot,P EH1 R AH0 T,2,su,NN
partner,P AA1 R T N ER0,2,su,NN
passage,P AE1 S AH0 JH,2,su,NN
pasta,P AA1 S T AH0,2,su,NN
patch,P AE1 CH,1,s,NN
patent,P AE1 T AH0 N T,2,su,NN
pathetic,P AH0 TH EH1 T IH0 K,3,usu,JJ
patience,P EY1 SH AH0 N S,2,su,NN
patriot,P EY1 T R IY0 AH0 T,3,suu,NN
pattern,P AE1 T ER0 N,2,su,NN
pause,P AO1 Z,1,s,NN
payment,P EY1 M AH0 N T,2,su,NN
peace,P IY1 S,1,s,NN
peanut,P IY1 N AH0 T,2,su,NN
pearl,P ER1 L,1,s,NN
peasant,P EH1 Z AH0 N T,2,su,NN
pedro,P EY1 D R OW0,2,su,NN
pegasus,P EH1 G AH0 S AH0 S,3,suu,NN
pelican,P EH1 L AH0 K AH0 N,3,suu,NN
penalty,P EH1 N AH0 L T IY0,3,suu,NN
pencil,P EH1 N S AH0 L,2,su,NN
penguin,P EH1 NG G W AH0 N,2,su,NN
person,P ER1 S AH0 N,2,su,NN
pepper,P EH1 P ER0,2,su,NN
percent,P ER0 S EH1 N T,2,us,NN
perfect,P ER0 F EH1 K T,2,us,JJ
perhaps,P ER0 HH AE1 P S,2,us,RB
period,P IH1 R IY0 AH0 D,3,suu,NN
permit,P ER0 M IH1 T,2,us,VB
person,P ER1 S AH0 N,2,su,NN
petal,P EH1 T AH0 L,2,su,JJ
phantom,F AE1 N T AH0 M,2,su,JJ
philip,F IH1 L AH0 P,2,su,NN
phoenix,F IY1 N IH0 K S,2,su,NN
phone,F OW1 N,1,s,NN
phrase,F R EY1 Z,1,s,NN
physical,F IH1 Z IH0 K AH0 L,3,suu,JJ
piano,P IY0 AE1 N OW0,3,usu,NN
picasso,P IH0 K AA1 S OW0,3,usu,NN
picture,P IH1 K CH ER0,2,su,NN
piece,P IY1 S,1,s,NN
pierce,P IH1 R S,1,s,VB
pigeon,P IH1 JH AH0 N,2,su,NN
pigment,P IH1 G M AH0 N T,2,su,NN
pilgrim,P IH1 L G R AH0 M,2,su,NN
pillow,P IH1 L OW0,2,su,NN
pilot,P AY1 L AH0 T,2,su,NN
pioneer,P AY2 AH0 N IH1 R,3,sus,NN
pirate,P AY1 R AH0 T,2,su,NN
pistol,P IH1 S T AH0 L,2,su,NN
pitch,P IH1 CH,1,s,NN
pixel,P IH1 K S AH0 L,2,su,NN
pizza,P IY1 T S AH0,2,su,NN
place,P L EY1 S,1,s,NN
plain,P L EY1 N,1,s,JJ
planet,P L AE1 N AH0 T,2,su,NN
plasma,P L AE1 Z M AH0,2,su,NN
plate,P L EY1 T,1,s,NN
plaza,P L AA1 Z AH0,2,su,NN
please,P L IY1 Z,1,s,VB
pledge,P L EH1 JH,1,s,NN
pluck,P L AH1 K,1,s,VB
plume,P L UW1 M,1,s,NN
plunge,P L AH1 N JH,1,s,NN
pluto,P L UW1 T OW0,2,su,NN
pocket,P AA1 K AH0 T,2,su,NN
podium,P OW1 D IY0 AH0 M,3,suu,NN
poetic,P OW0 EH1 T IH0 K,3,usu,JJ
point,P OY1 N T,1,s,NN
poker,P OW1 K ER0,2,su,NN
polaris,P OW0 L EH1 R AH0 S,3,usu,NNS
police,P AH0 L IY1 S,2,us,NN
polka,P OW1 L K AA0,2,su,NN
poncho,P AA1 N CH OW0,2,su,NN
ponder,P AA1 N D ER0,2,su,VB
popular,P AA1 P Y AH0 L ER0,3,suu,JJ
portal,P AO1 R T AH0 L,2,su,JJ
position,P AH0 Z IH1 SH AH0 N,3,usu,NN
possess,P AH0 Z EH1 S,2,us,VBP
postage,P OW1 S T AH0 JH,2,su,NN
pottery,P AA1 T ER0 IY0,3,suu,NN
pound,P AW1 N D,1,s,NN
poverty,P AA1 V ER0 T IY0,3,suu,NN
powder,P AW1 D ER0,2,su,NN
powerful,P AW1 ER0 F AH0 L,3,suu,JJ
practice,P R AE1 K T AH0 S,2,su,NN
prague,P R AA1 G,1,s,NN
praise,P R EY1 Z,1,s,NN
prayer,P R EH1 R,1,s,NN
precious,P R EH1 SH AH0 S,2,su,JJ
predict,P R IH0 D IH1 K T,2,us,VBP
prefer,P R AH0 F ER1,2,us,VBP
premium,P R IY1 M IY0 AH0 M,3,suu,NN
prepare,P R IY0 P EH1 R,2,us,VB
presence,P R EH1 Z AH0 N S,2,su,NN
pretend,P R IY0 T EH1 N D,2,us,VB
prevent,P R IH0 V EH1 N T,2,us,VB
price,P R AY1 S,1,s,NN
pride,P R AY1 D,1,s,NN
prince,P R IH1 N S,1,s,NN
priority,P R AY0 AO1 R AH0 T IY0,4,usuu,NN
prism,P R IH1 Z AH0 M,2,su,NN
private,P R AY1 V AH0 T,2,su,JJ
prize,P R AY1 Z,1,s,NN
probably,P R AA1 B AH0 B L IY0,3,suu,RB
prodigy,P R AA1 D AH0 JH IY0,3,suu,NN
project,P R AA1 JH EH0 K T,2,su,NN
promise,P R AA1 M AH0 S,2,su,NN
property,P R AA1 P ER0 T IY0,3,suu,NN
prosper,P R AA1 S P ER0,2,su,VB
protect,P R AH0 T EH1 K T,2,us,VB
proud,P R AW1 D,1,s,JJ
prove,P R UW1 V,1,s,VB
proxy,P R AA1 K S IY0,2,su,NN
public,P AH1 B L IH0 K,2,su,JJ
pudding,P UH1 D IH0 NG,2,su,VBG
pulse,P AH1 L S,1,s,NN
pumpkin,P AH1 M P K IH0 N,2,su,NN
punch,P AH1 N CH,1,s,NN
pupil,P Y UW1 P AH0 L,2,su,NN
puppy,P AH1 P IY0,2,su,NN
purchase,P ER1 CH AH0 S,2,su,NN
purity,P Y UH1 R AH0 T IY0,3,suu,NN
purple,P ER1 P AH0 L,2,su,JJ
purse,P ER1 S,1,s,NN
puzzle,P AH1 Z AH0 L,2,su,NN
pyramid,P IH1 R AH0 M IH0 D,3,suu,NN
python,P AY1 TH AA0 N,2,su,NN
quality,K W AA1 L AH0 T IY0,3,suu,NN
quantum,K W AA1 N T AH0 M,2,su,NN
quarter,K W AO1 R T ER0,2,su,NN
queen,K W IY1 N,1,s,NN
quest,K W EH1 S T,1,s,NN
quick,K W IH1 K,1,s,JJ
quiet,K W AY1 AH0 T,2,su,JJ
quite,K W AY1 T,1,s,RB
quota,K W OW1 T AH0,2,su,NN
rabbit,R AE1 B AH0 T,2,su,NN
raccoon,R AE0 K UW1 N,2,us,NN
rachel,R EY1 CH AH0 L,2,su,NN
radical,R AE1 D AH0 K AH0 L,3,suu,JJ
raise,R EY1 Z,1,s,VB
rally,R AE1 L IY0,2,su,RB
ralph,R AE1 L F,1,s,NN
ramirez,R AH0 M IH1 R EH0 Z,3,usu,NN
ranch,R AE1 N CH,1,s,NN
random,R AE1 N D AH0 M,2,su,JJ
ranger,R EY1 N JH ER0,2,su,NN
rapid,R AE1 P AH0 D,2,su,JJ
rather,R AE1 DH ER0,2,su,RB
raven,R EY1 V AH0 N,2,su,NN
ravioli,R AE2 V IY0 OW1 L IY0,4,susu,NN
raymond,R EY1 M AH0 N D,2,su,NN
razor,R EY1 Z ER0,2,su,NN
reach,R IY1 CH,1,s,VB
ready,R EH1 D IY0,2,su,JJ
reason,R IY1 Z AH0 N,2,su,NN
rebel,R EH1 B AH0 L,2,su,NN
rebuild,R IY0 B IH1 L D,2,us,VB
receive,R AH0 S IY1 V,2,us,VB
recipe,R EH1 S AH0 P IY0,3,suu,NN
record,R AH0 K AO1 R D,2,us,NN
recycle,R IY0 S AY1 K AH0 L,3,usu,VB
reduce,R AH0 D UW1 S,2,us,VB
reflect,R AH0 F L EH1 K T,2,us,VB
reform,R AH0 F AO1 R M,2,us,NN
refuse,R AH0 F Y UW1 Z,2,us,VB
regard,R AH0 G AA1 R D,2,us,NN
region,R IY1 JH AH0 N,2,su,NN
regret,R AH0 G R EH1 T,2,us,VBP
regular,R EH1 G Y AH0 L ER0,3,suu,JJ
reject,R IH0 JH EH1 K T,2,us,VB
relationship,R IY0 L EY1 SH AH0 N SH IH2 P,4,usus,NN
release,R IY0 L IY1 S,2,us,NN
relief,R IH0 L IY1 F,2,us,NN
remain,R IH0 M EY1 N,2,us,VB
remember,R IH0 M EH1 M B ER0,3,usu,VB
remind,R IY0 M AY1 N D,2,us,VB
remote,R IH0 M OW1 T,2,us,JJ
render,R EH1 N D ER0,2,su,VB
renew,R IH0 N UW1,2,us,VB
reopen,R IY0 OW1 P AH0 N,3,usu,VB
repair,R IH0 P EH1 R,2,us,NN
report,R IY0 P AO1 R T,2,us,NN
reptile,R EH1 P T AY0 L,2,su,NN
rescue,R EH1 S K Y UW0,2,su,NN
resemble,R IH0 Z EH1 M B AH0 L,3,usu,VB
resist,R IH0 Z IH1 S T,2,us,VB
resource,R IY1 S AO0 R S,2,su,NN
respect,R IH0 S P EH1 K T,2,us,NN
result,R IH0 Z AH1 L T,2,us,NN
retire,R IH0 T AY1 R,2,us,VB
retreat,R IY0 T R IY1 T,2,us,NN
return,R IH0 T ER1 N,2,us,NN
reunion,R IY0 UW1 N Y AH0 N,3,usu,NN
reveal,R IH0 V IY1 L,2,us,VB
reward,R IH0 W AO1 R D,2,us,NN
rhythm,R IH1 DH AH0 M,2,su,NN
ribbon,R IH1 B AH0 N,2,su,NN
ricardo,R IH0 K AA1 R D OW0,3,usu,NN
richard,R IH1 CH ER0 D,2,su,NN
rider,R AY1 D ER0,2,su,NN
ridge,R IH1 JH,1,s,NN
rifle,R AY1 F AH0 L,2,su,NN
right,R AY1 T,1,s,NN
ringo,R IY1 NG G OW0,2,su,NN
ripple,R IH1 P AH0 L,2,su,NN
ritual,R IH1 CH UW0 AH0 L,3,suu,JJ
rival,R AY1 V AH0 L,2,su,JJ
river,R IH1 V ER0,2,su,NN
riviera,R IH2 V IY0 EH1 R AH0,4,susu,NN
roast,R OW1 S T,1,s,NN
robert,R AA1 B ER0 T,2,su,NN
robin,R AA1 B AH0 N,2,su,NN
robust,R OW0 B AH1 S T,2,us,JJ
rocket,R AA1 K AH0 T,2,su,NN
rodent,R OW1 D AH0 N T,2,su,NN
roger,R AA1 JH ER0,2,su,NN
roman,R OW1 M AH0 N,2,su,NN
romeo,R OW1 M IY0 OW2,3,sus,NN
rookie,R UH1 K IY0,2,su,NN
rough,R AH1 F,1,s,JJ
round,R AW1 N D,1,s,NN
route,R UW1 T,1,s,NN
rover,R OW1 V ER0,2,su,NN
royal,R OY1 AH0 L,2,su,JJ
rubber,R AH1 B ER0,2,su,NN
rufus,R UW1 F AH0 S,2,su,NNS
rural,R UH1 R AH0 L,2,su,JJ
russian,R AH1 SH AH0 N,2,su,NN
sabine,S AH0 B IY1 N,2,us,NN
sabrina,S AH0 B R IY1 N AH0,3,usu,NN
saddle,S AE1 D AH0 L,2,su,NN
sadness,S AE1 D N AH0 S,2,su,NN
safari,S AH0 F AA1 R IY0,3,usu,NN
sahara,S AH0 HH EH1 R AH0,3,usu,NN
sailor,S EY1 L ER0,2,su,NN
saint,S EY1 N T,1,s,NN
salad,S AE1 L AH0 D,2,su,NN
salmon,S AE1 M AH0 N,2,su,NN
salon,S AH0 L AA1 N,2,us,NN
salsa,S AO1 L S AH0,2,su,NN
salty,S AO1 L T IY0,2,su,JJ
salute,S AH0 L UW1 T,2,us,NN
samba,S AA1 M B AH0,2,su,NN
sample,S AE1 M P AH0 L,2,su,NN
samuel,S AE1 M Y UW0 L,2,su,NN
sanctuary,S AE1 NG K CH UW0 EH2 R IY0,4,susu,NN
sandra,S AE1 N D R AH0,2,su,NN
sanity,S AE1 N AH0 T IY0,3,suu,NN
santana,S AE0 N T AE1 N AH0,3,usu,NN
sardine,S AA0 R D IY1 N,2,us,NN
satisfy,S AE1 T AH0 S F AY2,3,sus,VB
satoshi,S AA0 T OW1 SH IY0,3,usu,NN
saturn,S AE1 T ER0 N,2,su,NN
sauce,S AO1 S,1,s,NN
sausage,S AO1 S AH0 JH,2,su,NN
savage,S AE1 V AH0 JH,2,su,JJ
savior,S EY1 V Y ER0,2,su,NN
scale,S K EY1 L,1,s,NN
scare,S K EH1 R,1,s,VB
scatter,S K AE1 T ER0,2,su,NN
scene,S IY1 N,1,s,NN
scheme,S K IY1 M,1,s,NN
scholar,S K AA1 L ER0,2,su,NN
science,S AY1 AH0 N S,2,su,NN
scissors,S IH1 Z ER0 Z,2,su,NNS
scoop,S K UW1 P,1,s,NN
score,S K AO1 R,1,s,NN
scout,S K AW1 T,1,s,NN
scrap,S K R AE1 P,1,s,NN
scream,S K R IY1 M,1,s,VB
script,S K R IH1 P T,1,s,NN
scroll,S K R OW1 L,1,s,NN
scrub,S K R AH1 B,1,s,VB
scuba,S K UW1 B AH0,2,su,NN
search,S ER1 CH,1,s,NN
season,S IY1 Z AH0 N,2,su,NN
second,S EH1 K AH0 N D,2,su,NN
secret,S IY1 K R AH0 T,2,su,JJ
section,S EH1 K SH AH0 N,2,su,NN
secure,S IH0 K Y UH1 R,2,us,VB
segment,S EH1 G M AH0 N T,2,su,NN
select,S AH0 L EH1 K T,2,us,VB
seminar,S EH1 M AH0 N AA2 R,3,sus,NN
senator,S EH1 N AH0 T ER0,3,suu,NN
senior,S IY1 N Y ER0,2,su,JJ
sense,S EH1 N S,1,s,NN
sentence,S EH1 N T AH0 N S,2,su,NN
separate,S EH1 P ER0 EY2 T,3,sus,JJ
serpent,S ER1 P AH0 N T,2,su,NN
serve,S ER1 V,1,s,VB
session,S EH1 SH AH0 N,2,su,NN
settle,S EH1 T AH0 L,2,su,VB
seven,S EH1 V AH0 N,2,su,NN
shade,SH EY1 D,1,s,NN
shaft,SH AE1 F T,1,s,NN
shake,SH EY1 K,1,s,VB
shall,SH AE1 L,1,s,MD
shame,SH EY1 M,1,s,NN
shannon,SH AE1 N AH0 N,2,su,NN
share,SH EH1 R,1,s,NN
shatter,SH AE1 T ER0,2,su,VB
shave,SH EY1 V,1,s,VB
sheep,SH IY1 P,1,s,NN
shelf,SH EH1 L F,1,s,NN
sheriff,SH EH1 R AH0 F,2,su,NN
shield,SH IY1 L D,1,s,NN
shift,SH IH1 F T,1,s,NN
shimmer,SH IH1 M ER0,2,su,NN
shine,SH AY1 N,1,s,NN
shirt,SH ER1 T,1,s,NN
shiver,SH IH1 V ER0,2,su,NN
shock,SH AA1 K,1,s,NN
shook,SH UH1 K,1,s,VBD
shore,SH AO1 R,1,s,NN
should,SH UH1 D,1,s,MD
shove,SH AH1 V,1,s,VB
shower,SH AW1 ER0,2,su,NN
shrimp,SH R IH1 M P,1,s,NN
shrug,SH R AH1 G,1,s,VB
shuffle,SH AH1 F AH0 L,2,su,NN
sibling,S IH1 B L IH0 NG,2,su,VBG
siege,S IY1 JH,1,s,NN
sierra,S IY0 EH1 R AH0,3,usu,NN
sight,S AY1 T,1,s,NN
sigma,S IH1 G M AH0,2,su,NN
signal,S IH1 G N AH0 L,2,su,JJ
silence,S AY1 L AH0 N S,2,su,NN
silicon,S IH1 L AH0 K AH0 N,3,suu,NN
silly,S IH1 L IY0,2,su,RB
silver,S IH1 L V ER0,2,su,NN
similar,S IH1 M AH0 L ER0,3,suu,JJ
simon,S AY1 M AH0 N,2,su,NN
simple,S IH1 M P AH0 L,2,su,JJ
sinatra,S AH0 N AA1 T R AH0,3,usu,NN
since,S IH1 N S,1,s,IN
single,S IH1 NG G AH0 L,2,su,JJ
siren,S AY1 R AH0 N,2,su,JJ
sister,S IH1 S T ER0,2,su,NN
situate,S IH1 CH UW0 EY2 T,3,sus,NN
skate,S K EY1 T,1,s,VB
sketch,S K EH1 CH,1,s,NN
skill,S K IH1 L,1,s,NN
skirt,S K ER1 T,1,s,NN
skull,S K AH1 L,1,s,NN
slalom,S L AA1 L AH0 M,2,su,NN
slang,S L AE1 NG,1,s,NN
sleep,S L IY1 P,1,s,VB
slender,S L EH1 N D ER0,2,su,JJ
slept,S L EH1 P T,1,s,VBD
slice,S L AY1 S,1,s,NN
slide,S L AY1 D,1,s,NN
slight,S L AY1 T,1,s,JJ
slogan,S L OW1 G AH0 N,2,su,NN
slowly,S L OW1 L IY0,2,su,RB
slush,S L AH1 SH,1,s,NN
small,S M AO1 L,1,s,JJ
smart,S M AA1 R T,1,s,JJ
smile,S M AY1 L,1,s,NN
smoke,S M OW1 K,1,s,NN
smooth,S M UW1 DH,1,s,JJ
snack,S N AE1 K,1,s,NN
snake,S N EY1 K,1,s,NN
sneak,S N IY1 K,1,s,VB
sniff,S N IH1 F,1,s,VB
soccer,S AA1 K ER0,2,su,NN
social,S OW1 SH AH0 L,2,su,JJ
sofia,S OW0 F IY1 AH0,3,usu,NN
softly,S AO1 F T L IY0,2,su,RB
solar,S OW1 L ER0,2,su,JJ
soldier,S OW1 L JH ER0,2,su,NN
solid,S AA1 L AH0 D,2,su,JJ
solution,S AH0 L UW1 SH AH0 N,3,usu,NN
solve,S AA1 L V,1,s,VB
sonar,S OW1 N AA0 R,2,su,NN
sonic,S AA1 N IH0 K,2,su,JJ
soothe,S UW1 DH,1,s,VB
soprano,S AH0 P R AA1 N OW0,3,usu,NN
sorrow,S AA1 R OW0,2,su,NN
sound,S AW1 N D,1,s,NN
source,S AO1 R S,1,s,NN
south,S AW1 TH,1,s,RB
soviet,S OW1 V IY0 AH0 T,3,suu,JJ
spain,S P EY1 N,1,s,NN
spare,S P EH1 R,1,s,JJ
spatial,S P EY1 SH AH0 L,2,su,JJ
spawn,S P AA1 N,1,s,VB
speak,S P IY1 K,1,s,VB
special,S P EH1 SH AH0 L,2,su,JJ
speech,S P IY1 CH,1,s,NN
spell,S P EH1 L,1,s,VB
spend,S P EH1 N D,1,s,VB
sphere,S F IH1 R,1,s,NN
spice,S P AY1 S,1,s,NN
spider,S P AY1 D ER0,2,su,NN
spike,S P AY1 K,1,s,NN
spill,S P IH1 L,1,s,NN
spine,S P AY1 N,1,s,NN
spiral,S P AY1 R AH0 L,2,su,JJ
split,S P L IH1 T,1,s,NN
spoil,S P OY1 L,1,s,VB
spoken,S P OW1 K AH0 N,2,su,VBN
sponsor,S P AA1 N S ER0,2,su,NN
spoon,S P UW1 N,1,s,NN
sport,S P AO1 R T,1,s,NN
spray,S P R EY1,1,s,NN
spread,S P R EH1 D,1,s,NN
spring,S P R IH1 NG,1,s,VBG
square,S K W EH1 R,1,s,NN
squeeze,S K W IY1 Z,1,s,NN
squirrel,S K W ER1 AH0 L,2,su,NN
stable,S T EY1 B AH0 L,2,su,JJ
stadium,S T EY1 D IY0 AH0 M,3,suu,NN
staff,S T AE1 F,1,s,NN
stage,S T EY1 JH,1,s,NN
stain,S T EY1 N,1,s,NN
stamp,S T AE1 M P,1,s,NN
stand,S T AE1 N D,1,s,VB
stare,S T EH1 R,1,s,VB
state,S T EY1 T,1,s,NN
steady,S T EH1 D IY0,2,su,JJ
steel,S T IY1 L,1,s,NN
stella,S T EH1 L AH0,2,su,NN
stereo,S T EH1 R IY0 OW2,3,sus,NN
stick,S T IH1 K,1,s,VB
still,S T IH1 L,1,s,RB
sting,S T IH1 NG,1,s,VBG
stock,S T AA1 K,1,s,NN
stole,S T OW1 L,1,s,VBD
stomach,S T AH1 M AH0 K,2,su,NN
stone,S T OW1 N,1,s,NN
stood,S T UH1 D,1,s,VBD
store,S T AO1 R,1,s,NN
stove,S T OW1 V,1,s,NN
straight,S T R EY1 T,1,s,JJ
stream,S T R IY1 M,1,s,NN
strife,S T R AY1 F,1,s,NN
stroke,S T R OW1 K,1,s,NN
struggle,S T R AH1 G AH0 L,2,su,NN
stuart,S T UW1 ER0 T,2,su,NN
stubborn,S T AH1 B ER0 N,2,su,JJ
stuck,S T AH1 K,1,s,VBN
student,S T UW1 D AH0 N T,2,su,NN
stuff,S T AH1 F,1,s,NN
stumble,S T AH1 M B AH0 L,2,su,VB
stupid,S T UW1 P AH0 D,2,su,JJ
style,S T AY1 L,1,s,NN
subject,S AH0 B JH EH1 K T,2,us,NN
submit,S AH0 B M IH1 T,2,us,VB
success,S AH0 K S EH1 S,2,us,NN
sudden,S AH1 D AH0 N,2,su,JJ
suffer,S AH1 F ER0,2,su,VB
sugar,SH UH1 G ER0,2,su,NN
suggest,S AH0 G JH EH1 S T,2,us,VBP
suicide,S UW1 AH0 S AY2 D,3,sus,NN
sulfur,S AH1 L F ER0,2,su,NN
sultan,S AH1 L T AH0 N,2,su,NN
summer,S AH1 M ER0,2,su,NN
sunny,S AH1 N IY0,2,su,JJ
super,S UW1 P ER0,2,su,JJ
supply,S AH0 P L AY1,2,us,RB
supreme,S AH0 P R IY1 M,2,us,NN
surely,SH UH1 R L IY0,2,su,RB
surface,S ER1 F AH0 S,2,su,NN
surge,S ER1 JH,1,s,NN
surprise,S ER0 P R AY1 Z,2,us,NN
surround,S ER0 AW1 N D,2,us,VBP
survey,S ER0 V EY1,2,us,NN
susan,S UW1 Z AH0 N,2,su,NN
sushi,S UW1 SH IY0,2,su,NN
suspect,S AH0 S P EH1 K T,2,us,VBP
sustain,S AH0 S T EY1 N,2,us,VB
suzuki,S AH0 Z UW1 K IY0,3,usu,NN
swallow,S W AA1 L OW0,2,su,VB
swamp,S W AA1 M P,1,s,NN
swarm,S W AO1 R M,1,s,NN
swear,S W EH1 R,1,s,VB
sweden,S W IY1 D AH0 N,2,su,NN
sweet,S W IY1 T,1,s,JJ
swell,S W EH1 L,1,s,VB
swift,S W IH1 F T,1,s,JJ
swing,S W IH1 NG,1,s,VBG
swirl,S W ER1 L,1,s,NN
switch,S W IH1 CH,1,s,NN
symbol,S IH1 M B AH0 L,2,su,NN
sympathy,S IH1 M P AH0 TH IY0,3,suu,NN
syrup,S ER1 AH0 P,2,su,NN
system,S IH1 S T AH0 M,2,su,NN
table,T EY1 B AH0 L,2,su,NN
taboo,T AE0 B UW1,2,us,JJ
tackle,T AE1 K AH0 L,2,su,VB
tactic,T AE1 K T IH0 K,2,su,NN
tahiti,T AH0 HH IY1 T IY0,3,usu,NN
taint,T EY1 N T,1,s,NN
taken,T EY1 K AH0 N,2,su,VBN
talent,T AE1 L AH0 N T,2,su,NN
tangle,T AE1 NG G AH0 L,2,su,NN
target,T AA1 R G AH0 T,2,su,NN
taste,T EY1 S T,1,s,NN
taught,T AO1 T,1,s,VBN
tavern,T AE1 V ER0 N,2,su,NN
teach,T IY1 CH,1,s,VB
tease,T IY1 Z,1,s,VB
tooth,T UW1 TH,1,s,NN
telecom,T EH1 L AH0 K AA0 M,3,suu,NN
temple,T EH1 M P AH0 L,2,su,NN
tenant,T EH1 N AH0 N T,2,su,NN
tender,T EH1 N D ER0,2,su,NN
tennis,T EH1 N AH0 S,2,su,NNS
terrible,T EH1 R AH0 B AH0 L,3,suu,JJ
texas,T EH1 K S AH0 S,2,su,NNS
thank,TH AE1 NG K,1,s,VB
theme,TH IY1 M,1,s,NN
theory,TH IH1 R IY0,2,su,NN
there,DH EH1 R,1,s,EX
thick,TH IH1 K,1,s,JJ
thigh,TH AY1,1,s,NN
think,TH IH1 NG K,1,s,VBP
third,TH ER1 D,1,s,NN
thoma,TH OW1 M AH0,2,su,NN
thorn,TH AO1 R N,1,s,NN
thought,TH AO1 T,1,s,VBD
thread,TH R EH1 D,1,s,NN
thrive,TH R AY1 V,1,s,VB
throat,TH R OW1 T,1,s,NN
thumb,TH AH1 M,1,s,NN
thunder,TH AH1 N D ER0,2,su,NN
tibet,T AH0 B EH1 T,2,us,NN
ticket,T IH1 K AH0 T,2,su,NN
tiger,T AY1 G ER0,2,su,NN
tight,T AY1 T,1,s,JJ
timber,T IH1 M B ER0,2,su,NN
tired,T AY1 ER0 D,2,su,VBN
titanic,T AY0 T AE1 N IH0 K,3,usu,JJ
toast,T OW1 S T,1,s,NN
today,T AH0 D EY1,2,us,NN
toddler,T AA1 D L ER0,2,su,NN
together,T AH0 G EH1 DH ER0,3,usu,RB
toilet,T OY1 L AH0 T,2,su,NN
token,T OW1 K AH0 N,2,su,JJ
tokyo,T OW1 K IY0 OW2,3,sus,NN
tommy,T AA1 M IY0,2,su,NN
tongue,T AH1 NG,1,s,NN
tonight,T AH0 N AY1 T,2,us,RB
tooth,T UW1 TH,1,s,NN
topic,T AA1 P IH0 K,2,su,NN
topple,T AA1 P AH0 L,2,su,VB
torch,T AO1 R CH,1,s,NN
toronto,T ER0 AA1 N T OW0,3,usu,NN
tortoise,T AO1 R T AH0 S,2,su,NN
total,T OW1 T AH0 L,2,su,JJ
totem,T OW1 T AH0 M,2,su,NN
touch,T AH1 CH,1,s,NN
tough,T AH1 F,1,s,JJ
tourist,T UH1 R AH0 S T,2,su,NN
toward,T AH0 W AO1 R D,2,us,IN
tower,T AW1 ER0,2,su,NN
toyota,T OW0 Y OW1 T AH0,3,usu,NN
trace,T R EY1 S,1,s,NN
trade,T R EY1 D,1,s,NN
traffic,T R AE1 F IH0 K,2,su,NN
tragic,T R AE1 JH IH0 K,2,su,JJ
trail,T R EY1 L,1,s,NN
transfer,T R AE0 N S F ER1,2,us,NN
trapeze,T R AH0 P IY1 Z,2,us,NN
trash,T R AE1 SH,1,s,NN
travel,T R AE1 V AH0 L,2,su,NN
treasure,T R EH1 ZH ER0,2,su,NN
tremble,T R EH1 M B AH0 L,2,su,VB
trend,T R EH1 N D,1,s,NN
trial,T R AY1 AH0 L,2,su,JJ
tribal,T R AY1 B AH0 L,2,su,JJ
trick,T R IH1 K,1,s,NN
trident,T R AY1 D AH0 N T,2,su,NN
trigger,T R IH1 G ER0,2,su,VB
trilogy,T R IH1 L AH0 JH IY0,3,suu,NN
trinity,T R IH1 N AH0 T IY0,3,suu,NN
triton,T R AY1 T AH0 N,2,su,NN
trivial,T R IH1 V IY0 AH0 L,3,suu,JJ
trophy,T R OW1 F IY0,2,su,NN
trouble,T R AH1 B AH0 L,2,su,NN
truck,T R AH1 K,1,s,NN
truly,T R UW1 L IY0,2,su,RB
trumpet,T R AH1 M P AH0 T,2,su,NN
trust,T R AH1 S T,1,s,NN
truth,T R UW1 TH,1,s,NN
tuition,T Y UW0 IH1 SH AH0 N,3,usu,NN
tulip,T UW1 L AH0 P,2,su,NN
tumble,T AH1 M B AH0 L,2,su,NN
tunnel,T AH1 N AH0 L,2,su,NN
turbo,T ER1 B OW0,2,su,NN
turkey,T ER1 K IY0,2,su,NN
turtle,T ER1 T AH0 L,2,su,NN
twelve,T W EH1 L V,1,s,NN
twenty,T W EH1 N T IY0,2,su,NN
twice,T W AY1 S,1,s,RB
twirl,T W ER1 L,1,s,NN
twist,T W IH1 S T,1,s,NN
typical,T IH1 P AH0 K AH0 L,3,suu,JJ
ultra,AH1 L T R AH0,2,su,JJ
umbrella,AH0 M B R EH1 L AH0,3,usu,NN
unable,AH0 N EY1 B AH0 L,3,usu,JJ
unaware,AH2 N AH0 W EH1 R,3,sus,JJ
uncle,AH1 NG K AH0 L,2,su,NN
uncover,AH0 N K AH1 V ER0,3,usu,VB
under,AH1 N D ER0,2,su,IN
unfair,AH0 N F EH1 R,2,us,JJ
unfold,AH0 N F OW1 L D,2,us,VB
unhappy,AH0 N HH AE1 P IY0,3,usu,JJ
unicorn,Y UW1 N IH0 K AO2 R N,3,sus,NN
uniform,Y UW1 N AH0 F AO2 R M,3,sus,NN
union,Y UW1 N Y AH0 N,2,su,NN
unique,Y UW0 N IY1 K,2,us,JJ
universe,Y UW1 N AH0 V ER2 S,3,sus,NN
unknown,AH0 N N OW1 N,2,us,JJ
unless,AH0 N L EH1 S,2,us,IN
unlike,AH0 N L AY1 K,2,us,IN
unlock,AH0 N L AA1 K,2,us,VB
unseen,AH0 N S IY1 N,2,us,JJ
until,AH0 N T IH1 L,2,us,IN
unveil,AH0 N V EY1 L,2,us,VB
update,AH0 P D EY1 T,2,us,VB
upgrade,AH0 P G R EY1 D,2,us,VB
uphold,AH0 P HH OW1 L D,2,us,VB
upper,AH1 P ER0,2,su,JJ
upset,AH0 P S EH1 T,2,us,VBN
uranium,Y ER0 EY1 N IY0 AH0 M,4,usuu,NN
urban,ER1 B AH0 N,2,su,JJ
urgent,ER1 JH AH0 N T,2,su,JJ
usage,Y UW1 S AH0 JH,2,su,NN
useful,Y UW1 S F AH0 L,2,su,JJ
useless,Y UW1 S L AH0 S,2,su,JJ
usual,Y UW1 ZH AH0 W AH0 L,3,suu,JJ
utility,Y UW0 T IH1 L AH0 T IY0,4,usuu,NN
utter,AH1 T ER0,2,su,JJ
vacant,V EY1 K AH0 N T,2,su,JJ
vacuum,V AE1 K Y UW0 M,2,su,NN
vague,V EY1 G,1,s,JJ
valery,V AE1 L ER0 IY0,3,suu,NN
valid,V AE1 L AH0 D,2,su,JJ
valley,V AE1 L IY0,2,su,NN
value,V AE1 L Y UW0,2,su,NN
valve,V AE1 L V,1,s,NN
vampire,V AE1 M P AY0 R,2,su,NN
vanilla,V AH0 N IH1 L AH0,3,usu,NN
various,V EH1 R IY0 AH0 S,3,suu,JJ
vatican,V AE1 T IH0 K AH0 N,3,suu,NN
vault,V AO1 L T,1,s,NN
vehicle,V IY1 HH IH0 K AH0 L,3,suu,NN
velvet,V EH1 L V AH0 T,2,su,NN
vendor,V EH1 N D ER0,2,su,NN
venice,V EH1 N AH0 S,2,su,NN
ventura,V EH0 N CH ER1 AH0,3,usu,NN
venue,V EH1 N Y UW0,2,su,NN
verify,V EH1 R AH0 F AY2,3,sus,VB
verona,V ER0 OW1 N AH0,3,usu,NN
verse,V ER1 S,1,s,NN
vertigo,V ER1 T IH0 G OW2,3,sus,NN
vessel,V EH1 S AH0 L,2,su,NN
veteran,V EH1 T ER0 AH0 N,3,suu,NN
viable,V AY1 AH0 B AH0 L,3,suu,JJ
vibrant,V AY1 B R AH0 N T,2,su,JJ
vicious,V IH1 SH AH0 S,2,su,JJ
victim,V IH1 K T AH0 M,2,su,NN
video,V IH1 D IY0 OW0,3,suu,NN
vienna,V IY0 EH1 N AH0,3,usu,NN
viking,V AY1 K IH0 NG,2,su,VBG
village,V IH1 L AH0 JH,2,su,NN
vincent,V IH1 N S AH0 N T,2,su,NN
vintage,V IH1 N T IH0 JH,2,su,JJ
violence,V AY1 AH0 L AH0 N S,3,suu,NN
virgo,V ER1 G OW0,2,su,NN
virtual,V ER1 CH UW0 AH0 L,3,suu,JJ
virus,V AY1 R AH0 S,2,su,NNS
visible,V IH1 Z AH0 B AH0 L,3,suu,JJ
vista,V IH1 S T AH0,2,su,NN
visual,V IH1 ZH AH0 W AH0 L,3,suu,JJ
vital,V AY1 T AH0 L,2,su,JJ
vivid,V IH1 V AH0 D,2,su,JJ
vocal,V OW1 K AH0 L,2,su,JJ
vodka,V AA1 D K AH0,2,su,NN
voice,V OY1 S,1,s,NN
volcano,V AA0 L K EY1 N OW0,3,usu,NN
voltage,V OW1 L T AH0 JH,2,su,NN
volume,V AA1 L Y UW0 M,2,su,NN
vortex,V AO1 R T EH0 K S,2,su,NN
voyage,V OY1 AH0 JH,2,su,NN
wagon,W AE1 G AH0 N,2,su,NN
waist,W EY1 S T,1,s,NN
waiter,W EY1 T ER0,2,su,NN
wander,W AA1 N D ER0,2,su,VB
warmth,W AO1 R M TH,1,s,NN
warning,W AO1 R N IH0 NG,2,su,VBG
warrior,W AO1 R IY0 ER0,3,suu,NN
waste,W EY1 S T,1,s,NN
watch,W AA1 CH,1,s,VB
water,W AO1 T ER0,2,su,NN
weakness,W IY1 K N AH0 S,2,su,NN
wealth,W EH1 L TH,1,s,NN
weapon,W EH1 P AH0 N,2,su,NN
weary,W IH1 R IY0,2,su,JJ
weasel,W IY1 Z AH0 L,2,su,NN
weather,W EH1 DH ER0,2,su,NN
weave,W IY1 V,1,s,VB
wedding,W EH1 D IH0 NG,2,su,VBG
weight,W EY1 T,1,s,NN
weird,W IH1 R D,1,s,JJ
welcome,W EH1 L K AH0 M,2,su,JJ
western,W EH1 S T ER0 N,2,su,JJ
wheat,W IY1 T,1,s,NN
wheel,W IY1 L,1,s,NN
whenever,W EH0 N EH1 V ER0,3,usu,WRB
where,W EH1 R,1,s,WRB
whether,W EH1 DH ER0,2,su,IN
whiskey,W IH1 S K IY0,2,su,NN
whole,HH OW1 L,1,s,JJ
width,W IH1 D TH,1,s,NN
william,W IH1 L Y AH0 M,2,su,NN
window,W IH1 N D OW0,2,su,NN
winter,W IH1 N T ER0,2,su,NN
wisdom,W IH1 Z D AH0 M,2,su,NN
witch,W IH1 CH,1,s,NN
within,W IH0 DH IH1 N,2,us,IN
witness,W IH1 T N AH0 S,2,su,NN
wizard,W IH1 Z ER0 D,2,su,NN
woman,W UH1 M AH0 N,2,su,NN
wonder,W AH1 N D ER0,2,su,NN
world,W ER1 L D,1,s,NN
worry,W ER1 IY0,2,su,VB
worse,W ER1 S,1,s,JJR
worth,W ER1 TH,1,s,JJ
wound,W AW1 N D,1,s,NN
wreck,R EH1 K,1,s,NN
wrestle,R EH1 S AH0 L,2,su,VB
wrinkle,R IH1 NG K AH0 L,2,su,NN
wrist,R IH1 S T,1,s,NN
write,R AY1 T,1,s,VB
wrong,R AO1 NG,1,s,JJ
wrote,R OW1 T,1,s,VBD
yankee,Y AE1 NG K IY0,2,su,NN
yearn,Y ER1 N,1,s,VB
yellow,Y EH1 L OW0,2,su,JJ
yesterday,Y EH1 S T ER0 D EY2,3,sus,NN
yogurt,Y OW1 G ER0 T,2,su,NN
young,Y AH1 NG,1,s,JJ
yourself,Y ER0 S EH1 L F,2,us,PRP
youth,Y UW1 TH,1,s,NN
zebra,Z IY1 B R AH0,2,su,NN
zigzag,Z IH1 G Z AE0 G,2,su,NN
zipper,Z IH1 P ER0,2,su,NN
zodiac,Z OW1 D IY0 AE2 K,3,sus,NN